id,first_name,last_name,email,gender,job,salary
1,Abbe,Ballam,aballam0@indiatimes.com,Male,Quality Engineer,$2745.69
2,Tessa,Drane,tdrane1@paypal.com,Female,Account Representative III,$8706.34
3,Wenona,Haszard,whaszard2@smugmug.com,Female,Dental Hygienist,$3548.71
4,Constance,Crockett,ccrockett3@plala.or.jp,Female,Senior Cost Accountant,$3975.37
5,Yvon,Gauld,ygauld4@cisco.com,Male,Budget/Accounting Analyst IV,$9727.12
6,Bertram,Baverstock,bbaverstock5@comcast.net,Male,Help Desk Technician,$7989.76
7,Trueman,Heggie,theggie6@example.com,Male,Web Designer II,$5205.83
8,Vaclav,Adnett,vadnett7@plala.or.jp,Male,Account Coordinator,$3929.92
9,Georges,Boumphrey,gboumphrey8@hexun.com,Male,Media Manager III,$7987.16
10,Armando,Limbrick,alimbrick9@whitehouse.gov,Male,Electrical Engineer,$9505.98
11,Mahala,Fallowfield,mfallowfielda@w3.org,Female,Analog Circuit Design manager,$9072.86
12,Beret,Chaise,bchaiseb@imdb.com,Female,Associate Professor,$9549.26
13,Wade,Dutteridge,wdutteridgec@liveinternet.ru,Male,Graphic Designer,$6275.76
14,Hazlett,Haithwaite,hhaithwaited@google.com.hk,Male,Geological Engineer,$6759.38
15,Kenny,Billes,kbillese@bbc.co.uk,Male,Human Resources Manager,$5668.96
16,Peadar,Sired,psiredf@devhub.com,Male,Social Worker,$6284.83
17,Geno,Eric,gericg@tuttocitta.it,Male,Quality Engineer,$8273.10
18,Warner,Curryer,wcurryerh@mit.edu,Male,Senior Developer,$8827.59
19,Jason,Millan,jmillani@tripadvisor.com,Male,Accounting Assistant II,$6290.21
20,Pietro,Eam,peamj@woothemes.com,Male,Research Nurse,$6315.10
21,Kimberley,Goulstone,kgoulstonek@army.mil,Female,Senior Sales Associate,$8011.02
22,Maia,Choake,mchoakel@amazon.de,Genderqueer,Pharmacist,$6166.08
23,Gabie,Glantz,gglantzm@purevolume.com,Male,Software Test Engineer II,$2065.24
24,Inga,Dingsdale,idingsdalen@nps.gov,Female,Environmental Tech,$3193.86
25,Tomas,Smuth,tsmutho@trellian.com,Male,Teacher,$9555.80
26,Kaila,Niess,kniessp@jimdo.com,Female,Administrative Assistant III,$8361.79
27,Ursola,Mathonnet,umathonnetq@amazon.com,Female,Librarian,$5211.67
28,Tabb,Abrey,tabreyr@nasa.gov,Male,Senior Developer,$3015.69
29,Sawyere,Mew,smews@hud.gov,Genderqueer,Assistant Professor,$4010.08
30,Giustino,Van der Baaren,gvanderbaarent@hao123.com,Male,Desktop Support Technician,$2420.79
31,Rachel,Furmedge,rfurmedgeu@gmpg.org,Genderqueer,Media Manager IV,$8046.04
32,Claudina,Hammor,chammorv@weibo.com,Female,VP Product Management,$4234.55
33,Amara,Cranidge,acranidgew@liveinternet.ru,Female,Programmer I,$6060.15
34,Essie,Lamb,elambx@shutterfly.com,Female,Dental Hygienist,$9950.83
35,Marje,Garley,mgarleyy@arizona.edu,Female,Registered Nurse,$8054.92
36,Farah,Kochl,fkochlz@cbc.ca,Female,Teacher,$9788.22
37,Aurilia,Danels,adanels10@sourceforge.net,Female,Information Systems Manager,$5554.04
38,Marlene,McSharry,mmcsharry11@google.es,Female,Research Nurse,$5073.00
39,Kalil,Swanbourne,kswanbourne12@springer.com,Male,Administrative Officer,$6983.47
40,Cris,Infante,cinfante13@goo.ne.jp,Male,Database Administrator IV,$4989.46
41,Shell,Quinney,squinney14@spotify.com,Female,Environmental Specialist,$4805.53
42,Martina,MacMenemy,mmacmenemy15@example.com,Female,Graphic Designer,$7494.75
43,Clayson,Soreau,csoreau16@ucoz.com,Non-binary,Biostatistician II,$9387.98
44,Jojo,Crollman,jcrollman17@oakley.com,Non-binary,Chief Design Engineer,$8942.29
45,Yoko,Ridpath,yridpath18@myspace.com,Female,Accountant I,$7550.25
46,Purcell,Ousby,pousby19@time.com,Male,Librarian,$8200.02
47,Raimondo,Bigmore,rbigmore1a@youtube.com,Male,Electrical Engineer,$7970.18
48,Betsy,Lowerson,blowerson1b@fotki.com,Female,Mechanical Systems Engineer,$3408.34
49,Carita,Boreland,cboreland1c@theglobeandmail.com,Female,Civil Engineer,$4821.99
50,Chrisse,Seiller,cseiller1d@sbwire.com,Male,Food Chemist,$5749.90
51,Annora,Arney,aarney1e@addthis.com,Bigender,Database Administrator I,$5988.09
52,Ly,Pryell,lpryell1f@people.com.cn,Male,VP Product Management,$2987.20
53,Viviyan,Bodocs,vbodocs1g@salon.com,Female,Clinical Specialist,$6934.24
54,Standford,Hayler,shayler1h@dedecms.com,Male,Quality Engineer,$3201.93
55,Suzy,Medd,smedd1i@google.de,Female,Business Systems Development Analyst,$2557.38
56,Lauree,de Broke,ldebroke1j@studiopress.com,Female,VP Quality Control,$4266.35
57,Zolly,Auld,zauld1k@oaic.gov.au,Male,VP Marketing,$5317.81
58,Meridith,Dubble,mdubble1l@google.ca,Female,Office Assistant I,$9825.94
59,Raynor,Jemmison,rjemmison1m@nifty.com,Male,Health Coach IV,$8418.19
60,Grayce,Biesterfeld,gbiesterfeld1n@va.gov,Female,Teacher,$5871.08
61,Mason,Basil,mbasil1o@dyndns.org,Male,Recruiter,$9609.97
62,Missy,Cradey,mcradey1p@usa.gov,Female,Geologist III,$7455.03
63,Mace,Rosellini,mrosellini1q@pagesperso-orange.fr,Male,Occupational Therapist,$2088.77
64,Craggy,Kirman,ckirman1r@wired.com,Male,Software Consultant,$7497.50
65,Elyn,Bavister,ebavister1s@wikispaces.com,Female,Operator,$8754.27
66,Leoine,Bateman,lbateman1t@barnesandnoble.com,Female,Occupational Therapist,$6578.02
67,Keslie,Gioan,kgioan1u@jalbum.net,Female,Sales Associate,$4979.21
68,Haskel,Dunridge,hdunridge1v@ed.gov,Male,Sales Associate,$5594.02
69,Cherianne,Panchin,cpanchin1w@ibm.com,Female,Teacher,$8543.13
70,Burg,Mintoft,bmintoft1x@marriott.com,Male,Nurse,$2009.02
71,Eduardo,Babon,ebabon1y@yelp.com,Male,Product Engineer,$3827.47
72,Caleb,Ville,cville1z@usda.gov,Polygender,Dental Hygienist,$4816.73
73,Lefty,Culpen,lculpen20@google.co.uk,Male,Recruiter,$6953.92
74,Guillema,Crebbin,gcrebbin21@usa.gov,Female,Research Nurse,$3881.66
75,Alvan,Shere,ashere22@utexas.edu,Male,Information Systems Manager,$5087.08
76,Holly-anne,Garbutt,hgarbutt23@ycombinator.com,Female,Geologist II,$4510.62
77,Cloe,Raise,craise24@amazon.com,Agender,Structural Analysis Engineer,$7092.25
78,Cy,Asling,casling25@admin.ch,Male,Engineer I,$2684.02
79,Anjanette,Scotchmor,ascotchmor26@surveymonkey.com,Female,Software Engineer III,$8355.36
80,Beck,Atte-Stone,battestone27@ifeng.com,Male,Actuary,$4808.49
81,Oliy,Luca,oluca28@wunderground.com,Female,Senior Financial Analyst,$7587.92
82,Caspar,Naile,cnaile29@pen.io,Male,Operator,$2339.79
83,Mendie,Janowski,mjanowski2a@latimes.com,Male,Nuclear Power Engineer,$6764.05
84,Clive,Paolone,cpaolone2b@ebay.co.uk,Male,Safety Technician II,$2774.92
85,Sioux,Piccop,spiccop2c@myspace.com,Female,Financial Analyst,$9857.39
86,Franny,O'Fallon,fofallon2d@bigcartel.com,Male,Teacher,$3348.87
87,Armstrong,Brougham,abrougham2e@google.co.uk,Male,Compensation Analyst,$7169.28
88,Clayborne,Kamienski,ckamienski2f@t-online.de,Male,Nurse Practicioner,$9377.77
89,Corty,Causer,ccauser2g@studiopress.com,Male,VP Product Management,$6399.28
90,Deloris,Gremane,dgremane2h@freewebs.com,Female,Quality Engineer,$5372.70
91,Junie,Ferraro,jferraro2i@t-online.de,Female,Chemical Engineer,$7393.96
92,Inigo,Krzyzaniak,ikrzyzaniak2j@businessweek.com,Male,Biostatistician II,$6480.00
93,Bernetta,Myrtle,bmyrtle2k@example.com,Female,Pharmacist,$8282.74
94,Budd,Prentice,bprentice2l@wikipedia.org,Male,Electrical Engineer,$9688.98
95,Malia,Baldery,mbaldery2m@stumbleupon.com,Female,Research Assistant IV,$3125.10
96,Cicely,Nichol,cnichol2n@timesonline.co.uk,Female,Technical Writer,$4713.82
97,Sergei,Bibb,sbibb2o@shutterfly.com,Male,Marketing Manager,$6588.72
98,Essy,Labrow,elabrow2p@salon.com,Female,Dental Hygienist,$6243.29
99,Ashien,Bliben,abliben2q@shinystat.com,Female,Human Resources Assistant II,$6067.22
100,Liva,Whyke,lwhyke2r@multiply.com,Female,Nuclear Power Engineer,$9517.98
101,Randolf,Brangan,rbrangan2s@flickr.com,Male,Assistant Manager,$4749.15
102,Errick,Breewood,ebreewood2t@360.cn,Male,Financial Advisor,$3051.63
103,Westleigh,Winspur,wwinspur2u@ftc.gov,Male,Operator,$8313.45
104,Ramsay,Borham,rborham2v@prnewswire.com,Male,VP Accounting,$2057.57
105,Jasmina,Goldhill,jgoldhill2w@so-net.ne.jp,Female,Budget/Accounting Analyst III,$5981.30
106,Kaile,Chesney,kchesney2x@wix.com,Female,Systems Administrator III,$3386.14
107,Jephthah,Curner,jcurner2y@feedburner.com,Bigender,Cost Accountant,$7486.98
108,Wilburt,Bahia,wbahia2z@xrea.com,Male,Librarian,$7403.55
109,Georgeanna,Moehler,gmoehler30@dropbox.com,Female,Structural Analysis Engineer,$3131.59
110,Patin,Veart,pveart31@woothemes.com,Male,Tax Accountant,$6335.93
111,Skell,Kubiczek,skubiczek32@globo.com,Male,VP Product Management,$5350.06
112,Raf,Couser,rcouser33@statcounter.com,Female,Chief Design Engineer,$2638.61
113,Fritz,Lanfere,flanfere34@nih.gov,Male,Physical Therapy Assistant,$9322.37
114,Pattin,Ramsbottom,pramsbottom35@jugem.jp,Male,Database Administrator I,$8129.11
115,Cullen,Dighton,cdighton36@lulu.com,Male,Social Worker,$6838.93
116,Rivkah,Coronado,rcoronado37@soup.io,Female,Product Engineer,$4162.37
117,Law,Kubelka,lkubelka38@wikispaces.com,Male,Tax Accountant,$8803.44
118,Trace,Sweetman,tsweetman39@wisc.edu,Polygender,Nurse,$2138.60
119,Kendre,Wimpeney,kwimpeney3a@mail.ru,Agender,Community Outreach Specialist,$7225.98
120,Trina,Haggeth,thaggeth3b@yandex.ru,Female,Dental Hygienist,$7239.72
121,Kailey,Louedey,klouedey3c@wsj.com,Female,Accountant IV,$5508.20
122,Des,Hallwell,dhallwell3d@51.la,Male,Clinical Specialist,$4513.37
123,Rosie,Schoenleiter,rschoenleiter3e@google.pl,Female,Media Manager IV,$2310.62
124,Jacky,Barwack,jbarwack3f@quantcast.com,Polygender,Project Manager,$9735.42
125,Isabel,Mangeney,imangeney3g@toplist.cz,Female,Pharmacist,$5941.45
126,Eberhard,Barends,ebarends3h@t.co,Male,Help Desk Technician,$5230.80
127,Willamina,Burrow,wburrow3i@purevolume.com,Female,Operator,$2792.00
128,Foss,Jaegar,fjaegar3j@unc.edu,Male,Software Consultant,$9066.38
129,Cristionna,Schleicher,cschleicher3k@indiegogo.com,Female,General Manager,$4582.08
130,Evan,Janse,ejanse3l@noaa.gov,Male,Nurse,$3713.05
131,Nert,Cotilard,ncotilard3m@bizjournals.com,Female,Help Desk Technician,$9006.75
132,Nikoletta,Gulberg,ngulberg3n@flavors.me,Female,Geologist I,$5550.59
133,Clemente,Krysztofiak,ckrysztofiak3o@tuttocitta.it,Male,Engineer I,$4044.56
134,Raff,Grellis,rgrellis3p@livejournal.com,Male,Librarian,$7394.47
135,Jeremy,Summersett,jsummersett3q@wikimedia.org,Male,Associate Professor,$8400.78
136,Hussein,Bruin,hbruin3r@youku.com,Male,Legal Assistant,$8021.10
137,Cati,Gauvain,cgauvain3s@baidu.com,Female,Junior Executive,$2481.42
138,Ellette,Shoebotham,eshoebotham3t@usda.gov,Female,Dental Hygienist,$5596.30
139,Roxie,Rubartelli,rrubartelli3u@marketwatch.com,Female,Technical Writer,$3173.79
140,Marcile,Benesevich,mbenesevich3v@patch.com,Female,Analog Circuit Design manager,$4624.98
141,Noam,Dureden,ndureden3w@xrea.com,Male,Programmer Analyst II,$7063.01
142,Jonas,Sango,jsango3x@alibaba.com,Bigender,Professor,$8084.89
143,Paulie,Clohisey,pclohisey3y@state.tx.us,Non-binary,Assistant Media Planner,$4342.40
144,Chaunce,Narraway,cnarraway3z@qq.com,Male,Legal Assistant,$8288.55
145,Joceline,Eccleston,jeccleston40@tmall.com,Female,Civil Engineer,$6416.84
146,Alford,Peckham,apeckham41@pinterest.com,Genderqueer,Research Nurse,$2209.03
147,Allsun,Leathard,aleathard42@mediafire.com,Bigender,Information Systems Manager,$8901.06
148,Esmeralda,Eirwin,eeirwin43@globo.com,Female,Research Nurse,$2368.27
149,Eirena,Preece,epreece44@mapy.cz,Female,Research Associate,$2105.74
150,Cathi,Forte,cforte45@simplemachines.org,Female,Assistant Professor,$7919.25
151,Madelon,Frankom,mfrankom46@oracle.com,Bigender,Executive Secretary,$4737.30
152,Barnaby,Cluff,bcluff47@exblog.jp,Male,Payment Adjustment Coordinator,$5116.74
153,Vince,Bockmaster,vbockmaster48@w3.org,Male,VP Accounting,$8052.14
154,Gabriellia,Alexandrou,galexandrou49@zimbio.com,Female,Staff Scientist,$7070.41
155,Finley,Tipple,ftipple4a@webs.com,Male,Senior Sales Associate,$6286.52
156,Martyn,Abeau,mabeau4b@vinaora.com,Male,Recruiter,$4434.32
157,Aryn,Fassan,afassan4c@ehow.com,Female,Associate Professor,$9179.83
158,Welch,Berthomieu,wberthomieu4d@simplemachines.org,Male,Assistant Media Planner,$6405.94
159,Jack,Tagg,jtagg4e@china.com.cn,Male,Dental Hygienist,$3777.55
160,Lucilia,Cassells,lcassells4f@privacy.gov.au,Genderfluid,Sales Associate,$9439.48
161,Ferrel,Penas,fpenas4g@bloomberg.com,Male,Financial Analyst,$6987.17
162,Gale,Saunt,gsaunt4h@dyndns.org,Female,Dental Hygienist,$3243.25
163,Sigfried,Childe,schilde4i@huffingtonpost.com,Male,Payment Adjustment Coordinator,$5597.65
164,Martin,Tomik,mtomik4j@amazon.co.jp,Genderfluid,Senior Developer,$5924.96
165,Trista,Kynsey,tkynsey4k@storify.com,Female,Web Developer III,$4901.83
166,Albert,Deighton,adeighton4l@amazon.de,Male,Financial Analyst,$4776.60
167,Germaine,Rhoddie,grhoddie4m@google.pl,Male,Cost Accountant,$3075.23
168,Cordelia,Shiell,cshiell4n@examiner.com,Female,Software Engineer II,$7393.34
169,Gladi,Samper,gsamper4o@msu.edu,Female,GIS Technical Architect,$2365.30
170,Gifford,Trow,gtrow4p@spiegel.de,Male,Programmer II,$9373.46
171,Wilmar,Phillcock,wphillcock4q@cyberchimps.com,Male,Research Assistant III,$5021.04
172,Burlie,Houlahan,bhoulahan4r@patch.com,Male,Dental Hygienist,$8783.87
173,Shara,Caspell,scaspell4s@goo.ne.jp,Female,Senior Sales Associate,$9125.26
174,Rachael,Gavini,rgavini4t@mlb.com,Female,Physical Therapy Assistant,$3021.01
175,Francesca,Videneev,fvideneev4u@simplemachines.org,Female,Web Designer IV,$5264.23
176,Kort,Sillito,ksillito4v@narod.ru,Male,Cost Accountant,$6574.87
177,Lindsay,Clotworthy,lclotworthy4w@eventbrite.com,Male,GIS Technical Architect,$5549.08
178,Gordy,Bernaldez,gbernaldez4x@meetup.com,Male,Web Designer IV,$6575.32
179,Jeniffer,Novak,jnovak4y@mozilla.com,Female,Teacher,$9658.94
180,Nona,Pernell,npernell4z@soup.io,Female,Paralegal,$4413.47
181,Thacher,Lepope,tlepope50@samsung.com,Male,Design Engineer,$5726.02
182,Averil,Panting,apanting51@jigsy.com,Male,Paralegal,$3404.54
183,Mable,Hasnip,mhasnip52@ehow.com,Female,Analyst Programmer,$4000.39
184,Bendicty,Bortoli,bbortoli53@histats.com,Male,Programmer Analyst II,$3228.59
185,Royal,Heare,rheare54@umn.edu,Male,VP Sales,$5417.31
186,Iosep,Carnihan,icarnihan55@hatena.ne.jp,Male,Senior Cost Accountant,$3512.49
187,Keir,Sneyd,ksneyd56@lycos.com,Male,Systems Administrator I,$9328.94
188,Rochette,Karlowicz,rkarlowicz57@fotki.com,Non-binary,Civil Engineer,$8590.80
189,Ginelle,Novotni,gnovotni58@storify.com,Female,Programmer III,$2261.58
190,Winnie,Dictus,wdictus59@tripadvisor.com,Female,GIS Technical Architect,$8234.14
191,Romain,Spacey,rspacey5a@hibu.com,Male,Structural Engineer,$8190.36
192,Edythe,Peterson,epeterson5b@google.com.br,Female,Senior Financial Analyst,$5824.12
193,Martita,Dieton,mdieton5c@ow.ly,Female,Software Engineer IV,$7371.28
194,Scarface,Ramos,sramos5d@istockphoto.com,Male,Environmental Specialist,$5158.35
195,Leticia,Isham,lisham5e@chronoengine.com,Female,Account Representative I,$5053.43
196,Kendal,Blackall,kblackall5f@census.gov,Male,Director of Sales,$2356.45
197,Belia,Edsell,bedsell5g@accuweather.com,Female,Office Assistant II,$7029.72
198,Guthrie,Vase,gvase5h@census.gov,Male,Assistant Professor,$9727.41
199,Melisent,Banasevich,mbanasevich5i@csmonitor.com,Female,Research Nurse,$7060.65
200,Riannon,Wane,rwane5j@oracle.com,Female,Technical Writer,$3965.93
201,Layney,Scapelhorn,lscapelhorn5k@w3.org,Female,Editor,$4082.08
202,Susanetta,O'Mohun,somohun5l@pinterest.com,Female,Administrative Assistant IV,$9420.73
203,Pennie,Baldin,pbaldin5m@pinterest.com,Female,Computer Systems Analyst II,$6767.60
204,Bethena,Imort,bimort5n@aol.com,Female,Recruiter,$7519.88
205,Sumner,Landell,slandell5o@themeforest.net,Male,Product Engineer,$9334.97
206,Andres,Challiner,achalliner5p@bbc.co.uk,Male,Software Consultant,$9080.90
207,Aubert,Stubbert,astubbert5q@cocolog-nifty.com,Bigender,Sales Representative,$8071.68
208,Cobbie,Morgan,cmorgan5r@prnewswire.com,Male,Paralegal,$9735.27
209,Elias,Tieraney,etieraney5s@cloudflare.com,Male,Account Executive,$6065.64
210,Huntley,Inworth,hinworth5t@samsung.com,Male,Software Test Engineer IV,$8219.68
211,Antoinette,Egalton,aegalton5u@squarespace.com,Female,Product Engineer,$2437.60
212,Mar,Heskey,mheskey5v@plala.or.jp,Male,Graphic Designer,$7245.43
213,Inez,Andreutti,iandreutti5w@360.cn,Female,Professor,$7868.96
214,Yettie,Hendron,yhendron5x@fastcompany.com,Female,Desktop Support Technician,$3124.83
215,Quent,Krebs,qkrebs5y@taobao.com,Male,Teacher,$2393.48
216,Krisha,Mulder,kmulder5z@vk.com,Male,Senior Developer,$2303.34
217,Carlo,Ickovic,cickovic60@joomla.org,Male,Quality Control Specialist,$5428.70
218,Gerladina,Toffoletto,gtoffoletto61@pbs.org,Female,Developer I,$3892.63
219,Sabina,Simacek,ssimacek62@theatlantic.com,Genderfluid,Health Coach II,$6771.92
220,Jean,Antley,jantley63@hc360.com,Male,Graphic Designer,$2181.92
221,Carmela,Dunderdale,cdunderdale64@usnews.com,Female,Programmer III,$9797.26
222,Caroline,Holleworth,cholleworth65@berkeley.edu,Female,Nurse Practicioner,$5391.43
223,Corilla,Bradder,cbradder66@tinypic.com,Female,Marketing Manager,$8153.93
224,Shermy,Aggott,saggott67@1und1.de,Agender,Geologist I,$4703.54
225,Ellyn,Jonsson,ejonsson68@ask.com,Female,Registered Nurse,$9949.99
226,Zia,Bodemeaid,zbodemeaid69@creativecommons.org,Female,Web Developer I,$4517.05
227,Yankee,Keoghane,ykeoghane6a@upenn.edu,Male,Account Executive,$5455.58
228,Cristabel,Hathwood,chathwood6b@artisteer.com,Female,Assistant Manager,$7406.32
229,Urbano,Dineges,udineges6c@chicagotribune.com,Male,Teacher,$5429.99
230,Shirleen,Ellsom,sellsom6d@friendfeed.com,Female,Chemical Engineer,$8319.36
231,Garrard,Holmyard,gholmyard6e@paginegialle.it,Male,Staff Scientist,$2485.24
232,Melisent,Warne,mwarne6f@ucoz.ru,Polygender,Teacher,$4942.72
233,Flori,Iacovo,fiacovo6g@wunderground.com,Female,Occupational Therapist,$4345.28
234,Dex,Katz,dkatz6h@gmpg.org,Male,Business Systems Development Analyst,$3440.83
235,Giffy,Hanscom,ghanscom6i@t.co,Male,Nurse,$8735.07
236,Keslie,Sebyer,ksebyer6j@google.ru,Female,Business Systems Development Analyst,$2041.09
237,Rene,Strainge,rstrainge6k@chron.com,Male,Developer IV,$2892.44
238,Ciro,Carslake,ccarslake6l@unc.edu,Agender,Help Desk Operator,$6649.29
239,Myrlene,Worsom,mworsom6m@intel.com,Female,Senior Developer,$6536.34
240,Oren,Medlar,omedlar6n@nationalgeographic.com,Male,Senior Editor,$5424.22
241,Fionna,Tidcombe,ftidcombe6o@webmd.com,Bigender,Accountant I,$9478.71
242,Anthia,Mattersey,amattersey6p@drupal.org,Polygender,Recruiting Manager,$8948.70
243,Shepherd,MacGahy,smacgahy6q@wikimedia.org,Male,Software Engineer III,$5072.59
244,Woody,Klimkin,wklimkin6r@archive.org,Male,Accountant II,$6124.09
245,Georgianne,Bode,gbode6s@auda.org.au,Female,Sales Representative,$9985.23
246,Ignatius,Laborde,ilaborde6t@g.co,Male,Assistant Manager,$2492.97
247,Way,Chason,wchason6u@icio.us,Male,Assistant Manager,$5011.52
248,Arliene,Bagby,abagby6v@hubpages.com,Female,Systems Administrator II,$6602.14
249,Clarita,Gavaran,cgavaran6w@behance.net,Female,Legal Assistant,$5527.78
250,Shir,Furber,sfurber6x@webs.com,Agender,Senior Financial Analyst,$6271.73
251,Elene,Gilcrist,egilcrist6y@usatoday.com,Female,Food Chemist,$2284.80
252,Mayer,Hinemoor,mhinemoor6z@google.com.br,Male,Senior Cost Accountant,$3005.77
253,Minor,Amerighi,mamerighi70@hugedomains.com,Male,Chemical Engineer,$5989.15
254,Isidoro,Obert,iobert71@netlog.com,Male,Structural Analysis Engineer,$4706.06
255,Doralyn,Saura,dsaura72@bizjournals.com,Female,Information Systems Manager,$8710.20
256,Walker,Sellers,wsellers73@taobao.com,Male,Developer III,$4816.31
257,Lynelle,Dumblton,ldumblton74@marriott.com,Female,Health Coach I,$8727.96
258,Gradeigh,Ashbrook,gashbrook75@cbsnews.com,Male,Systems Administrator III,$5223.20
259,Hildegaard,Hartly,hhartly76@lulu.com,Female,Business Systems Development Analyst,$6447.55
260,Dannye,Moreno,dmoreno77@patch.com,Female,Civil Engineer,$2089.11
261,Catrina,Grafhom,cgrafhom78@bloomberg.com,Female,Assistant Professor,$7479.04
262,Correy,Phetteplace,cphetteplace79@sun.com,Genderfluid,Structural Analysis Engineer,$8216.52
263,Ginelle,de Clerk,gdeclerk7a@amazon.co.uk,Female,Executive Secretary,$5875.22
264,Catharina,Smales,csmales7b@reddit.com,Female,General Manager,$7370.66
265,Genovera,Bretelle,gbretelle7c@infoseek.co.jp,Female,Account Coordinator,$8188.79
266,Waldon,Cutford,wcutford7d@clickbank.net,Male,Web Designer II,$2408.39
267,Lionello,Stanwix,lstanwix7e@rediff.com,Male,Database Administrator III,$7753.09
268,Ikey,Glancy,iglancy7f@yelp.com,Male,Programmer Analyst IV,$9544.27
269,Dorry,Lawfull,dlawfull7g@youtube.com,Female,Environmental Specialist,$8568.88
270,Raymund,Jellings,rjellings7h@cnbc.com,Male,Media Manager II,$2052.12
271,Rea,Brekonridge,rbrekonridge7i@amazon.com,Female,Administrative Officer,$4558.59
272,Hall,Loveridge,hloveridge7j@huffingtonpost.com,Male,Administrative Assistant III,$9610.32
273,Allix,Millam,amillam7k@columbia.edu,Female,Programmer Analyst III,$4320.15
274,Gamaliel,Brighouse,gbrighouse7l@kickstarter.com,Agender,Staff Accountant III,$2805.97
275,Sholom,Jickells,sjickells7m@creativecommons.org,Male,Electrical Engineer,$7040.86
276,Myrle,Featonby,mfeatonby7n@bbc.co.uk,Female,Executive Secretary,$8619.30
277,Orson,Tolomei,otolomei7o@mayoclinic.com,Male,Desktop Support Technician,$6369.31
278,Ogden,Cyster,ocyster7p@weebly.com,Male,Sales Representative,$9383.17
279,Immanuel,Skittrall,iskittrall7q@sina.com.cn,Male,Software Consultant,$5984.42
280,Fayette,Dollin,fdollin7r@cocolog-nifty.com,Female,Safety Technician II,$4787.40
281,Sammie,Kleeborn,skleeborn7s@jigsy.com,Male,Staff Accountant II,$8330.49
282,Cornell,Massingham,cmassingham7t@bbb.org,Male,Administrative Officer,$6078.59
283,Beverlee,Cotterell,bcotterell7u@shareasale.com,Female,Programmer IV,$7074.14
284,Allistir,Kauble,akauble7v@yandex.ru,Male,Programmer IV,$8622.66
285,Odilia,Kacheler,okacheler7w@unicef.org,Female,Senior Financial Analyst,$8450.71
286,Shandie,McGahey,smcgahey7x@cam.ac.uk,Female,Marketing Manager,$5957.88
287,Sarene,Semiras,ssemiras7y@t.co,Female,Pharmacist,$7407.37
288,Bernice,Maurice,bmaurice7z@usatoday.com,Female,Quality Engineer,$8896.99
289,Kinsley,Shaddick,kshaddick80@google.com.hk,Male,Food Chemist,$6072.19
290,Hubie,Mallinson,hmallinson81@telegraph.co.uk,Male,Accountant IV,$7287.81
291,Price,Lindenstrauss,plindenstrauss82@t-online.de,Male,Engineer II,$6397.30
292,Brunhilde,Copelli,bcopelli83@hud.gov,Female,Human Resources Manager,$8895.86
293,Janna,Keasley,jkeasley84@netscape.com,Female,Paralegal,$2630.36
294,Nertie,Fell,nfell85@mozilla.org,Bigender,Project Manager,$5794.89
295,Mead,Tripcony,mtripcony86@yelp.com,Male,Staff Accountant II,$3198.88
296,Ingeberg,Pittock,ipittock87@over-blog.com,Female,Tax Accountant,$6785.81
297,Esmeralda,Ainscough,eainscough88@craigslist.org,Genderqueer,Project Manager,$5835.73
298,Bernita,Woffinden,bwoffinden89@amazon.co.uk,Female,Administrative Officer,$7101.36
299,Alexis,Rivallant,arivallant8a@vistaprint.com,Male,Biostatistician III,$8962.41
300,Rowland,Decroix,rdecroix8b@va.gov,Male,Pharmacist,$6618.83
301,Johanna,Hopewell,jhopewell8c@gov.uk,Female,Registered Nurse,$5888.26
302,Kenneth,Iddiens,kiddiens8d@accuweather.com,Male,Structural Engineer,$8437.55
303,Locke,Sleeny,lsleeny8e@issuu.com,Male,Food Chemist,$2347.44
304,Bailey,Wale,bwale8f@geocities.com,Male,Dental Hygienist,$9651.18
305,Shanie,Youdell,syoudell8g@blog.com,Female,Help Desk Technician,$2180.17
306,Marsha,Krzysztof,mkrzysztof8h@alibaba.com,Female,VP Product Management,$6764.47
307,Moises,O'Dowling,modowling8i@uiuc.edu,Male,Computer Systems Analyst II,$6708.92
308,Veronica,Mafham,vmafham8j@tripadvisor.com,Genderfluid,Senior Sales Associate,$4162.10
309,Cole,Ege,cege8k@ustream.tv,Male,Staff Scientist,$8124.16
310,Darryl,Kase,dkase8l@example.com,Male,VP Product Management,$9771.01
311,Donaugh,Crum,dcrum8m@ebay.co.uk,Male,Database Administrator II,$2813.57
312,Nicolis,Keable,nkeable8n@usatoday.com,Male,Software Engineer IV,$7291.42
313,Malena,Brigden,mbrigden8o@trellian.com,Female,Automation Specialist III,$5559.53
314,Emily,Fairy,efairy8p@cnbc.com,Female,Associate Professor,$2703.57
315,Martainn,Bernollet,mbernollet8q@ebay.co.uk,Male,Editor,$3977.11
316,Alisha,Prescott,aprescott8r@bluehost.com,Female,Office Assistant IV,$2049.91
317,Adelice,Jellyman,ajellyman8s@elpais.com,Female,VP Product Management,$8241.82
318,Shelbi,Lodewick,slodewick8t@webmd.com,Female,Senior Cost Accountant,$9428.36
319,Evangelin,Allom,eallom8u@taobao.com,Female,Professor,$8759.20
320,Gerrie,Croney,gcroney8v@cmu.edu,Female,Geological Engineer,$3632.11
321,Bud,Lillecrop,blillecrop8w@phoca.cz,Agender,Project Manager,$8309.67
322,Rudolfo,Eglese,reglese8x@whitehouse.gov,Male,Administrative Assistant IV,$2392.71
323,Fielding,Rosewell,frosewell8y@icq.com,Male,Design Engineer,$9306.64
324,Scot,Maccrie,smaccrie8z@google.it,Male,Staff Scientist,$9524.32
325,Andris,Akess,aakess90@discuz.net,Male,Project Manager,$3378.36
326,Jerrilee,Tattershall,jtattershall91@edublogs.org,Genderfluid,Internal Auditor,$7463.91
327,Isabelle,Dusey,idusey92@topsy.com,Female,Account Executive,$9881.79
328,Gregor,Shrieve,gshrieve93@webs.com,Male,Actuary,$9406.37
329,Fremont,Cantos,fcantos94@dailymail.co.uk,Male,Actuary,$5576.05
330,Adan,Quilligan,aquilligan95@cocolog-nifty.com,Male,Project Manager,$5881.70
331,Shepard,O'Duane,soduane96@si.edu,Male,Administrative Officer,$8447.13
332,Jami,Brack,jbrack97@usda.gov,Female,Software Engineer II,$4605.90
333,Esmaria,Besantie,ebesantie98@github.io,Female,Product Engineer,$6636.47
334,Darby,Parish,dparish99@ucsd.edu,Male,Information Systems Manager,$3453.91
335,Al,Ebden,aebden9a@archive.org,Male,Help Desk Technician,$6377.44
336,Ingelbert,Ash,iash9b@last.fm,Male,Operator,$7806.56
337,Seth,de Najera,sdenajera9c@linkedin.com,Male,Systems Administrator I,$8472.45
338,Cher,Jovicic,cjovicic9d@ftc.gov,Female,Administrative Officer,$4058.04
339,Den,Tugman,dtugman9e@liveinternet.ru,Male,Marketing Manager,$9351.60
340,Hailey,Commin,hcommin9f@netscape.com,Male,Quality Control Specialist,$4982.10
341,Becky,Clowley,bclowley9g@newsvine.com,Female,Developer III,$5312.94
342,Traver,Cadalleder,tcadalleder9h@ebay.com,Male,Help Desk Operator,$8108.79
343,Lucine,Brosoli,lbrosoli9i@telegraph.co.uk,Female,Legal Assistant,$8477.41
344,Nilson,Youles,nyoules9j@mit.edu,Male,Payment Adjustment Coordinator,$9065.00
345,Opal,Le Grys,olegrys9k@bravesites.com,Female,Mechanical Systems Engineer,$9243.51
346,Georgeta,Haddow,ghaddow9l@vinaora.com,Female,Cost Accountant,$8067.62
347,Donni,Louder,dlouder9m@blogspot.com,Female,Software Consultant,$6252.59
348,Sile,Blanch,sblanch9n@senate.gov,Female,Assistant Professor,$2616.02
349,Filippa,Hagstone,fhagstone9o@constantcontact.com,Female,Nurse,$3971.81
350,Katie,Rex,krex9p@nbcnews.com,Female,Administrative Assistant I,$6800.01
351,Conrade,Wrotham,cwrotham9q@huffingtonpost.com,Male,Research Assistant III,$4050.69
352,Hercules,Whitwood,hwhitwood9r@archive.org,Genderqueer,VP Sales,$7924.35
353,Blair,Skett,bskett9s@cam.ac.uk,Male,Safety Technician III,$3395.87
354,Renado,Teasell,rteasell9t@facebook.com,Male,VP Quality Control,$9850.04
355,Minnaminnie,Chat,mchat9u@google.com,Female,Assistant Media Planner,$3585.85
356,Lamar,Masdon,lmasdon9v@google.de,Male,Human Resources Assistant I,$6341.51
357,Myrna,Jaine,mjaine9w@ow.ly,Female,Analog Circuit Design manager,$8162.25
358,Hogan,Ivey,hivey9x@simplemachines.org,Male,Budget/Accounting Analyst II,$9398.86
359,Yorgos,McCraw,ymccraw9y@mac.com,Male,Software Consultant,$5239.68
360,Aubry,Crush,acrush9z@is.gd,Female,Help Desk Operator,$6704.91
361,Jeremias,Howick,jhowicka0@jugem.jp,Male,Software Engineer III,$2787.15
362,Tandie,Faulconbridge,tfaulconbridgea1@networksolutions.com,Agender,Physical Therapy Assistant,$7310.30
363,Kevyn,Delhanty,kdelhantya2@indiegogo.com,Female,Recruiter,$7799.94
364,Myra,Kamiyama,mkamiyamaa3@businesswire.com,Female,Nurse,$6903.77
365,Riva,Figger,rfiggera4@unesco.org,Female,Staff Scientist,$9947.55
366,Orlan,Poulgreen,opoulgreena5@who.int,Male,Information Systems Manager,$4848.52
367,Burke,Agron,bagrona6@networksolutions.com,Male,Recruiter,$8702.78
368,Reece,Mattaser,rmattasera7@forbes.com,Male,Librarian,$2325.34
369,Jeane,Maren,jmarena8@wunderground.com,Female,Editor,$3838.12
370,Tish,Ollerhead,tollerheada9@stanford.edu,Female,Biostatistician III,$3111.91
371,Kipp,Whichelow,kwhichelowaa@businessinsider.com,Male,Software Engineer II,$2856.76
372,Guido,Lauga,glaugaab@meetup.com,Genderqueer,Recruiter,$6754.09
373,Sher,Januszewski,sjanuszewskiac@shop-pro.jp,Female,Sales Representative,$5166.06
374,Pennie,Roe,proead@desdev.cn,Female,Human Resources Manager,$5180.40
375,Romola,Etheredge,retheredgeae@epa.gov,Female,VP Sales,$3106.63
376,Chad,Gerbel,cgerbelaf@csmonitor.com,Male,Speech Pathologist,$8835.56
377,Eb,McKmurrie,emckmurrieag@omniture.com,Male,Accountant III,$7248.24
378,Elmer,Siddens,esiddensah@360.cn,Male,Database Administrator I,$2876.91
379,Michel,Mill,mmillai@paginegialle.it,Male,Junior Executive,$6500.86
380,Arlen,Scoone,ascooneaj@mit.edu,Male,Quality Engineer,$6664.04
381,Abramo,Whilde,awhildeak@zdnet.com,Male,Physical Therapy Assistant,$7748.53
382,Vanda,Abyss,vabyssal@rakuten.co.jp,Female,Help Desk Operator,$7079.58
383,Davine,Blackston,dblackstonam@slashdot.org,Female,Research Assistant II,$6352.00
384,Talyah,Enrich,tenrichan@linkedin.com,Female,Civil Engineer,$4981.73
385,Issiah,Palek,ipalekao@reuters.com,Male,Professor,$2122.06
386,Lynn,Walliker,lwallikerap@wisc.edu,Male,VP Quality Control,$9834.09
387,Krisha,Likely,klikelyaq@cbc.ca,Male,VP Marketing,$6487.55
388,Tybalt,Axworthy,taxworthyar@google.it,Male,VP Sales,$2024.76
389,Izzy,Hunton,ihuntonas@chronoengine.com,Male,Pharmacist,$5218.43
390,Ellene,Rosengarten,erosengartenat@eventbrite.com,Bigender,Help Desk Technician,$9063.75
391,Dorris,Waker,dwakerau@bbc.co.uk,Female,Senior Editor,$6465.37
392,Peter,Hanby,phanbyav@wufoo.com,Male,Geologist I,$7882.64
393,Kiel,Veltmann,kveltmannaw@xing.com,Male,Product Engineer,$9556.27
394,Wildon,Bickerdicke,wbickerdickeax@e-recht24.de,Male,Health Coach III,$4062.19
395,Wheeler,Kiddell,wkiddellay@whitehouse.gov,Male,Accountant IV,$8613.64
396,Nickie,Stook,nstookaz@hibu.com,Female,Nurse,$9510.55
397,Gannon,Capp,gcappb0@livejournal.com,Male,Senior Financial Analyst,$2164.03
398,Stern,Lascell,slascellb1@devhub.com,Male,Physical Therapy Assistant,$7055.03
399,Neale,Pagon,npagonb2@mayoclinic.com,Male,Administrative Assistant III,$8430.24
400,Marya,Charles,mcharlesb3@trellian.com,Female,Chief Design Engineer,$9105.41
401,Jana,Leason,jleasonb4@illinois.edu,Agender,Editor,$5227.70
402,Warde,Jzak,wjzakb5@1und1.de,Male,Software Engineer I,$5677.71
403,Katalin,Abramsky,kabramskyb6@rakuten.co.jp,Female,Community Outreach Specialist,$4152.95
404,Marietta,Durber,mdurberb7@cbslocal.com,Male,VP Quality Control,$9661.04
405,Nana,Fossick,nfossickb8@wordpress.org,Female,Quality Control Specialist,$2764.15
406,Royce,Corn,rcornb9@washington.edu,Male,Human Resources Assistant II,$9533.64
407,Julio,Rogeron,jrogeronba@slideshare.net,Male,Director of Sales,$3980.39
408,Antonius,Spellacy,aspellacybb@github.io,Male,Research Nurse,$5663.60
409,Keefe,O'Sullivan,kosullivanbc@instagram.com,Male,Editor,$2503.26
410,George,Barthrop,gbarthropbd@pinterest.com,Female,Office Assistant II,$6693.20
411,Brody,Osborne,bosbornebe@businessweek.com,Male,Dental Hygienist,$8960.80
412,Loutitia,Earry,learrybf@sfgate.com,Female,Administrative Assistant III,$5778.49
413,Wat,McCullagh,wmccullaghbg@japanpost.jp,Male,Financial Advisor,$8422.73
414,Carline,Leband,clebandbh@princeton.edu,Female,Assistant Media Planner,$9374.83
415,Cahra,Hanscome,chanscomebi@php.net,Female,Associate Professor,$4162.52
416,Enrica,Beaven,ebeavenbj@mapy.cz,Female,Food Chemist,$9247.77
417,Hilliard,Kinastan,hkinastanbk@goo.ne.jp,Male,Mechanical Systems Engineer,$2959.11
418,Brooke,Hambribe,bhambribebl@businessinsider.com,Male,Safety Technician I,$6226.70
419,Olia,Pesik,opesikbm@uiuc.edu,Female,Engineer I,$7896.33
420,Bettina,Gidden,bgiddenbn@skype.com,Female,Software Engineer I,$3977.24
421,Angel,Tyas,atyasbo@etsy.com,Male,Help Desk Operator,$6682.39
422,Dorothee,Crommett,dcrommettbp@google.de,Agender,Sales Representative,$6450.38
423,Gnni,Vogeler,gvogelerbq@ox.ac.uk,Female,Web Developer IV,$2335.97
424,Jedidiah,Precious,jpreciousbr@e-recht24.de,Male,Project Manager,$2423.96
425,Elwyn,Gerardeaux,egerardeauxbs@ycombinator.com,Male,Marketing Manager,$8029.43
426,Gayle,Burbridge,gburbridgebt@parallels.com,Male,Administrative Officer,$2688.60
427,Alanah,Fasse,afassebu@yandex.ru,Female,Food Chemist,$5854.06
428,Betsey,Milnthorpe,bmilnthorpebv@jimdo.com,Female,Senior Cost Accountant,$7651.06
429,Allan,Lattie,alattiebw@technorati.com,Male,Desktop Support Technician,$6160.17
430,Rutledge,Pellatt,rpellattbx@google.it,Male,Health Coach II,$2943.06
431,Lucho,Adair,ladairby@plala.or.jp,Male,Electrical Engineer,$3357.68
432,Lynnea,Bernhart,lbernhartbz@a8.net,Agender,Administrative Officer,$6296.91
433,Mufinella,Zimmer,mzimmerc0@intel.com,Genderqueer,Sales Representative,$8764.87
434,Ardys,Dauncey,adaunceyc1@java.com,Female,Account Executive,$3317.63
435,Dmitri,McFeate,dmcfeatec2@rakuten.co.jp,Male,Administrative Officer,$8857.98
436,Gasparo,Tandy,gtandyc3@si.edu,Male,Senior Sales Associate,$8947.36
437,Hewett,Cleynman,hcleynmanc4@amazon.co.uk,Male,Marketing Manager,$4543.65
438,Hadlee,Allard,hallardc5@wikipedia.org,Male,Recruiter,$3180.96
439,Daniella,Drohan,ddrohanc6@upenn.edu,Female,Accountant IV,$8187.47
440,Augie,Bauman,abaumanc7@example.com,Male,Structural Engineer,$2440.67
441,Brandyn,Ramm,brammc8@woothemes.com,Agender,Automation Specialist IV,$8807.57
442,Zoe,Hubbocks,zhubbocksc9@cocolog-nifty.com,Non-binary,Accountant III,$4775.37
443,Mick,Gibben,mgibbenca@ifeng.com,Male,Programmer Analyst II,$7802.94
444,Care,Murray,cmurraycb@home.pl,Male,Research Associate,$7259.01
445,Cristina,Takos,ctakoscc@eepurl.com,Female,Staff Scientist,$8692.74
446,Kristofer,Titchard,ktitchardcd@artisteer.com,Male,Senior Quality Engineer,$4289.92
447,Malachi,Langsbury,mlangsburyce@amazon.co.uk,Male,Food Chemist,$6591.25
448,Loree,Volette,lvolettecf@privacy.gov.au,Female,Analog Circuit Design manager,$7804.71
449,Louisa,Maybey,lmaybeycg@purevolume.com,Female,Technical Writer,$7061.25
450,Kaylil,Kington,kkingtonch@bloglines.com,Female,Mechanical Systems Engineer,$5506.49
451,Chariot,Franzonetti,cfranzonettici@nsw.gov.au,Male,Payment Adjustment Coordinator,$5310.20
452,Shannan,Bradburne,sbradburnecj@hud.gov,Male,Compensation Analyst,$3757.14
453,Dunn,Gouley,dgouleyck@oakley.com,Male,Sales Associate,$4495.15
454,Amelie,Samber,asambercl@multiply.com,Female,Executive Secretary,$2585.17
455,Filberto,Pinckard,fpinckardcm@ibm.com,Male,Payment Adjustment Coordinator,$9222.44
456,Glori,Hallad,ghalladcn@plala.or.jp,Female,Administrative Officer,$3881.82
457,Helaine,Everitt,heverittco@cocolog-nifty.com,Female,Physical Therapy Assistant,$3781.32
458,Myranda,Sambath,msambathcp@msu.edu,Female,Marketing Assistant,$9096.18
459,Benson,Danton,bdantoncq@mtv.com,Male,Developer III,$6602.23
460,Quincy,Verbeek,qverbeekcr@craigslist.org,Male,Paralegal,$7413.56
461,Lanni,Pallent,lpallentcs@va.gov,Female,Associate Professor,$2086.77
462,Bartlett,Spadazzi,bspadazzict@newyorker.com,Male,Research Nurse,$3781.64
463,Charity,Branch,cbranchcu@loc.gov,Female,Physical Therapy Assistant,$9924.11
464,Artemas,Swede,aswedecv@soup.io,Male,Technical Writer,$3424.68
465,Rita,Barnett,rbarnettcw@wiley.com,Female,Desktop Support Technician,$2654.78
466,Bing,Bolzmann,bbolzmanncx@people.com.cn,Non-binary,GIS Technical Architect,$2192.29
467,Alyss,Malinson,amalinsoncy@cbslocal.com,Female,Project Manager,$7414.04
468,Gerrilee,Kall,gkallcz@theatlantic.com,Female,Nuclear Power Engineer,$2204.50
469,Rosaline,Castello,rcastellod0@google.de,Female,Community Outreach Specialist,$5535.21
470,Cicily,Blacklock,cblacklockd1@narod.ru,Female,Web Designer IV,$8474.08
471,Rafaellle,Cantillon,rcantillond2@cbc.ca,Male,Compensation Analyst,$8953.70
472,Tiler,Ternouth,tternouthd3@state.tx.us,Male,Software Engineer II,$5031.63
473,Johann,Wallen,jwallend4@oracle.com,Male,Budget/Accounting Analyst IV,$5411.11
474,Alis,Sayre,asayred5@geocities.jp,Female,Compensation Analyst,$2770.89
475,Tawnya,Skryne,tskryned6@clickbank.net,Female,Biostatistician II,$4233.88
476,Brittany,Gerbi,bgerbid7@hud.gov,Female,Assistant Media Planner,$9222.08
477,Chalmers,Reap,creapd8@omniture.com,Male,Senior Cost Accountant,$6420.01
478,Pincus,Levy,plevyd9@tripod.com,Male,Nuclear Power Engineer,$6113.79
479,Brooke,Epelett,bepelettda@wp.com,Male,Account Coordinator,$5375.61
480,Maria,Kynaston,mkynastondb@artisteer.com,Female,Product Engineer,$6654.22
481,Bern,Woodwin,bwoodwindc@bandcamp.com,Male,Human Resources Assistant III,$4630.47
482,Dian,Miskelly,dmiskellydd@earthlink.net,Female,Teacher,$7477.01
483,Shaine,Stollmeyer,sstollmeyerde@samsung.com,Female,Food Chemist,$6079.66
484,Shayne,Pittet,spittetdf@yandex.ru,Male,Technical Writer,$8982.38
485,Darla,Korda,dkordadg@bbb.org,Female,Associate Professor,$9082.70
486,Jamie,McTear,jmcteardh@ebay.co.uk,Bigender,Payment Adjustment Coordinator,$9692.96
487,Gabriela,Fullerton,gfullertondi@yahoo.com,Female,VP Sales,$8191.05
488,Bronnie,Gounard,bgounarddj@yandex.ru,Male,Marketing Assistant,$5219.40
489,Charlotta,Greatbank,cgreatbankdk@tmall.com,Female,Data Coordinator,$2219.29
490,Bryce,Skelcher,bskelcherdl@youku.com,Genderqueer,Budget/Accounting Analyst I,$6213.60
491,Benjamen,Daubeny,bdaubenydm@wunderground.com,Male,Marketing Manager,$4750.02
492,Dalenna,Skoate,dskoatedn@phoca.cz,Female,Accountant II,$4793.66
493,Tris,Ingram,tingramdo@businessweek.com,Male,Associate Professor,$2102.08
494,Beitris,Bailess,bbailessdp@wikispaces.com,Female,Account Representative III,$8258.37
495,Artur,Matveyev,amatveyevdq@joomla.org,Male,Accounting Assistant III,$2845.29
496,Louisa,Pendlington,lpendlingtondr@barnesandnoble.com,Female,VP Quality Control,$9195.32
497,Derick,Winram,dwinramds@economist.com,Male,Cost Accountant,$3190.25
498,Sara-ann,Purshouse,spurshousedt@taobao.com,Female,Chemical Engineer,$7239.68
499,Cary,Plaskett,cplaskettdu@sbwire.com,Male,Research Associate,$5702.40
500,Davine,Lumsden,dlumsdendv@cafepress.com,Female,Assistant Manager,$6815.86
501,Nolan,Khotler,nkhotlerdw@mediafire.com,Male,Accountant IV,$8792.22
502,Kelby,Karpenya,kkarpenyadx@wordpress.com,Male,Civil Engineer,$3505.68
503,Cilka,Ordidge,cordidgedy@mozilla.org,Polygender,Nurse,$6943.87
504,Hermia,Vany,hvanydz@aol.com,Female,Associate Professor,$5336.77
505,Rolph,Ridge,rridgee0@reference.com,Male,Systems Administrator III,$7046.71
506,Heloise,Langlands,hlanglandse1@ox.ac.uk,Female,Paralegal,$9662.05
507,Leland,Fudger,lfudgere2@prlog.org,Polygender,Software Consultant,$2737.66
508,Randie,Frisby,rfrisbye3@weibo.com,Male,Safety Technician III,$2589.11
509,Jerrilyn,Vian,jviane4@sciencedirect.com,Female,Structural Engineer,$8039.44
510,Paddy,Hallowes,phallowese5@plala.or.jp,Male,Research Associate,$6748.69
511,Pancho,Vasnetsov,pvasnetsove6@nyu.edu,Male,Quality Engineer,$5643.24
512,Evania,Sywell,esywelle7@huffingtonpost.com,Female,Assistant Professor,$2801.35
513,Kimmi,Drinkhall,kdrinkhalle8@twitter.com,Genderqueer,Information Systems Manager,$7272.92
514,Brear,Bremen,bbremene9@friendfeed.com,Female,Assistant Manager,$8465.91
515,Leigh,Deeprose,ldeeproseea@twitpic.com,Female,Administrative Officer,$7249.10
516,Wallace,Owbrick,wowbrickeb@businessweek.com,Male,Help Desk Operator,$3039.77
517,Veronique,Stranger,vstrangerec@sitemeter.com,Female,Programmer I,$3397.57
518,Tonia,Wyld,twylded@sbwire.com,Bigender,Geologist I,$7722.06
519,Carrissa,Treven,ctrevenee@skyrock.com,Female,Human Resources Manager,$8410.50
520,Whitney,Malenoir,wmalenoiref@pen.io,Female,Nurse Practicioner,$9642.64
521,Freddi,Birtwistle,fbirtwistleeg@e-recht24.de,Female,Senior Editor,$2880.75
522,Harris,Cammocke,hcammockeeh@lycos.com,Male,VP Product Management,$8944.99
523,Thorin,Tapton,ttaptonei@blinklist.com,Male,GIS Technical Architect,$5023.54
524,Lora,Blowing,lblowingej@facebook.com,Female,Sales Associate,$7094.97
525,Garfield,Blacklock,gblacklockek@samsung.com,Male,Analog Circuit Design manager,$3783.35
526,Lutero,Boud,lboudel@stanford.edu,Male,Automation Specialist IV,$3269.64
527,Danny,Brithman,dbrithmanem@liveinternet.ru,Male,Professor,$6828.50
528,Simona,Briance,sbrianceen@unc.edu,Female,Administrative Officer,$3840.63
529,Eartha,Tollerton,etollertoneo@cnn.com,Non-binary,Social Worker,$6975.75
530,Farris,Blacksell,fblacksellep@timesonline.co.uk,Male,Financial Advisor,$2660.34
531,Kara,Kilpatrick,kkilpatrickeq@scribd.com,Female,Data Coordinator,$2377.40
532,Diannne,Illingworth,dillingworther@spotify.com,Female,VP Product Management,$8754.30
533,Lennard,Darrel,ldarreles@illinois.edu,Male,Recruiting Manager,$2728.85
534,Vance,Pashan,vpashanet@goo.gl,Male,Sales Associate,$6462.04
535,Merissa,Delacoste,mdelacosteeu@flavors.me,Female,Senior Editor,$6700.93
536,Ofilia,Redpath,oredpathev@hc360.com,Female,Account Representative III,$6862.02
537,Denny,Punter,dpunterew@sitemeter.com,Female,Marketing Manager,$2833.89
538,Lauretta,Noar,lnoarex@liveinternet.ru,Female,Business Systems Development Analyst,$4139.92
539,Krista,Noni,knoniey@over-blog.com,Female,Registered Nurse,$6873.31
540,Kate,Heintz,kheintzez@free.fr,Female,Research Associate,$8147.89
541,Kane,Conford,kconfordf0@google.it,Male,Programmer I,$2581.87
542,Giordano,Bissiker,gbissikerf1@networkadvertising.org,Male,Engineer III,$2409.43
543,Felisha,Blader,fbladerf2@illinois.edu,Female,GIS Technical Architect,$8226.00
544,Jareb,Heeron,jheeronf3@harvard.edu,Agender,Engineer I,$5695.64
545,Hadlee,Garron,hgarronf4@nps.gov,Male,GIS Technical Architect,$4270.15
546,King,Cashell,kcashellf5@vistaprint.com,Male,Paralegal,$7304.46
547,Britta,Cornewell,bcornewellf6@cam.ac.uk,Female,VP Sales,$4280.88
548,Onida,Spensly,ospenslyf7@mtv.com,Female,VP Product Management,$8825.99
549,Godiva,Bresland,gbreslandf8@sakura.ne.jp,Female,Account Coordinator,$9819.08
550,Yolane,Klemps,yklempsf9@ocn.ne.jp,Female,GIS Technical Architect,$4271.13
551,Pietro,MacElane,pmacelanefa@google.it,Male,Graphic Designer,$2149.37
552,Andy,Screech,ascreechfb@pagesperso-orange.fr,Male,Product Engineer,$3163.51
553,Margaretta,Closs,mclossfc@surveymonkey.com,Female,Budget/Accounting Analyst I,$5965.87
554,Moreen,Hughlin,mhughlinfd@twitpic.com,Female,Civil Engineer,$7046.26
555,Loleta,Anstee,lansteefe@addthis.com,Female,Analyst Programmer,$2751.26
556,Malcolm,Palke,mpalkeff@cdbaby.com,Male,Executive Secretary,$4278.55
557,Helge,Pettigrew,hpettigrewfg@linkedin.com,Female,VP Product Management,$5896.71
558,Les,Firk,lfirkfh@rakuten.co.jp,Male,Nurse,$9239.20
559,Helaina,Boyet,hboyetfi@aol.com,Female,Legal Assistant,$5939.12
560,Alasteir,Estabrook,aestabrookfj@boston.com,Male,Account Executive,$8393.78
561,Tonya,Paeckmeyer,tpaeckmeyerfk@wordpress.org,Female,Quality Control Specialist,$3119.56
562,Dorrie,Brimilcombe,dbrimilcombefl@comcast.net,Female,VP Quality Control,$2589.57
563,Allie,Amps,aampsfm@netlog.com,Female,Operator,$7072.93
564,Stacee,Danilenko,sdanilenkofn@myspace.com,Male,Help Desk Technician,$4448.37
565,Philippine,Salzburger,psalzburgerfo@dion.ne.jp,Female,Speech Pathologist,$6086.80
566,Mattie,Streatfeild,mstreatfeildfp@sitemeter.com,Male,Nurse,$7501.67
567,Anna-diane,Master,amasterfq@ebay.com,Female,Analyst Programmer,$4260.59
568,Libbie,Park,lparkfr@hhs.gov,Genderqueer,Recruiting Manager,$3798.60
569,Goddart,Greedyer,ggreedyerfs@chronoengine.com,Male,Human Resources Assistant I,$4430.46
570,Jareb,Ellgood,jellgoodft@census.gov,Male,Human Resources Assistant IV,$8197.49
571,Kendal,Billany,kbillanyfu@tinyurl.com,Male,Sales Representative,$3482.89
572,Cullin,Kivelhan,ckivelhanfv@phoca.cz,Male,Marketing Manager,$8747.09
573,Reed,Dignall,rdignallfw@nih.gov,Male,Account Representative I,$5632.43
574,Ayn,Ridgedell,aridgedellfx@domainmarket.com,Female,Account Representative IV,$2514.84
575,Indira,Polendine,ipolendinefy@nytimes.com,Female,Automation Specialist II,$9592.37
576,Laney,Ughini,lughinifz@cam.ac.uk,Male,Assistant Manager,$9078.20
577,Bo,Jeays,bjeaysg0@patch.com,Male,Design Engineer,$5601.73
578,Rikki,Dmitr,rdmitrg1@dedecms.com,Agender,Environmental Specialist,$7609.07
579,Tobiah,Issard,tissardg2@google.com.au,Male,Information Systems Manager,$6505.65
580,Nicola,Mc Gaughey,nmcgaugheyg3@naver.com,Male,Web Designer I,$3551.60
581,Hashim,Como,hcomog4@spiegel.de,Male,Pharmacist,$9800.92
582,Nicol,Berecloth,nbereclothg5@dagondesign.com,Male,Junior Executive,$6198.55
583,Guinevere,Colquitt,gcolquittg6@shareasale.com,Female,Payment Adjustment Coordinator,$2190.28
584,Ericha,Hearnes,ehearnesg7@wisc.edu,Female,Account Executive,$7371.95
585,Rafa,Maken,rmakeng8@list-manage.com,Female,Accounting Assistant IV,$5186.68
586,Addie,Minall,aminallg9@amazonaws.com,Male,Media Manager II,$6909.07
587,Griz,Blum,gblumga@dot.gov,Male,Tax Accountant,$8245.56
588,Ralph,Kulic,rkulicgb@irs.gov,Male,Assistant Professor,$4833.08
589,Shamus,Pinkney,spinkneygc@fda.gov,Male,Dental Hygienist,$7736.95
590,Baxter,West-Frimley,bwestfrimleygd@psu.edu,Male,Information Systems Manager,$9227.62
591,Jorey,Beavon,jbeavonge@issuu.com,Female,Computer Systems Analyst III,$4175.64
592,Kameko,Verney,kverneygf@netvibes.com,Female,Assistant Media Planner,$4723.15
593,Julita,Shillaber,jshillabergg@princeton.edu,Female,Sales Representative,$6227.46
594,Kerstin,Mansell,kmansellgh@ucoz.ru,Female,Structural Analysis Engineer,$4975.83
595,Del,Hugnin,dhugningi@gmpg.org,Male,Nuclear Power Engineer,$9533.18
596,Kylie,Fingleton,kfingletongj@xrea.com,Female,Research Assistant I,$4221.52
597,Walther,Moland,wmolandgk@weebly.com,Male,Chief Design Engineer,$6320.57
598,Beltran,Houndsom,bhoundsomgl@yellowbook.com,Male,Mechanical Systems Engineer,$2933.09
599,Conrado,Morhall,cmorhallgm@mlb.com,Male,Executive Secretary,$5276.22
600,Berne,Oliphand,boliphandgn@1und1.de,Male,Accountant II,$5870.87
601,Susannah,Challace,schallacego@github.com,Female,Teacher,$8188.97
602,Kristian,Stradling,kstradlinggp@networkadvertising.org,Male,Nuclear Power Engineer,$7644.13
603,Scottie,Greeve,sgreevegq@hostgator.com,Male,Associate Professor,$5755.08
604,Terry,Riquet,triquetgr@chicagotribune.com,Male,GIS Technical Architect,$5317.61
605,Micheil,Albrooke,malbrookegs@yale.edu,Male,Senior Developer,$6743.81
606,Johann,Learmont,jlearmontgt@techcrunch.com,Male,Research Associate,$9886.33
607,Kienan,Selborne,kselbornegu@paginegialle.it,Male,Analyst Programmer,$3972.81
608,Yvette,Tison,ytisongv@nymag.com,Female,Statistician I,$6661.34
609,Rhodia,Towe,rtowegw@yahoo.com,Female,Senior Developer,$8442.42
610,Gabe,Leith,gleithgx@canalblog.com,Male,Developer I,$3488.27
611,Lyndsay,Danielli,ldanielligy@dyndns.org,Female,Information Systems Manager,$3478.12
612,Nettle,Hinstock,nhinstockgz@blogger.com,Female,Systems Administrator IV,$3349.07
613,Elvina,Dreger,edregerh0@narod.ru,Female,Dental Hygienist,$8827.05
614,Timotheus,Strognell,tstrognellh1@vinaora.com,Male,Information Systems Manager,$6804.36
615,Rhonda,Stearndale,rstearndaleh2@senate.gov,Female,Occupational Therapist,$9800.13
616,Tomasina,Farrear,tfarrearh3@behance.net,Non-binary,Executive Secretary,$8624.85
617,Noellyn,Peery,npeeryh4@dyndns.org,Female,Research Associate,$8767.01
618,Teador,Spence,tspenceh5@usnews.com,Male,Research Assistant IV,$8467.54
619,Killy,Crayke,kcraykeh6@answers.com,Male,Information Systems Manager,$5266.76
620,Dwight,Deakin,ddeakinh7@mozilla.com,Male,Executive Secretary,$9177.41
621,Godfree,Eaken,geakenh8@wufoo.com,Male,Chemical Engineer,$3972.32
622,Steward,O'Sheils,sosheilsh9@wordpress.org,Male,Occupational Therapist,$6324.76
623,Laird,Gluyas,lgluyasha@disqus.com,Male,Human Resources Manager,$5724.94
624,Reeba,Dumsday,rdumsdayhb@about.com,Female,Web Designer II,$2041.55
625,Bernarr,Kettlestring,bkettlestringhc@ebay.co.uk,Male,Data Coordinator,$3695.28
626,Demetris,Gresch,dgreschhd@sogou.com,Male,Marketing Assistant,$9312.02
627,Bendicty,Kilbourne,bkilbournehe@ox.ac.uk,Male,Editor,$5126.37
628,Molli,Yann,myannhf@ocn.ne.jp,Female,Information Systems Manager,$8266.04
629,Gonzalo,Kipping,gkippinghg@tiny.cc,Male,Safety Technician III,$9112.04
630,Kain,Vannini,kvanninihh@nifty.com,Polygender,Senior Quality Engineer,$7987.54
631,Mirilla,Trevaskus,mtrevaskushi@samsung.com,Female,Assistant Media Planner,$9373.14
632,Titus,Jurgen,tjurgenhj@webs.com,Male,Media Manager I,$4186.29
633,Tessi,Tonkin,ttonkinhk@ebay.com,Female,Biostatistician II,$2879.93
634,Leesa,Pimlett,lpimletthl@dagondesign.com,Female,Operator,$8920.36
635,Sondra,Lorand,slorandhm@google.com.br,Female,Structural Analysis Engineer,$2747.51
636,Flossi,O'Currine,focurrinehn@tamu.edu,Female,Assistant Professor,$8074.31
637,Rolland,Sara,rsaraho@huffingtonpost.com,Male,Clinical Specialist,$7640.74
638,Gardener,Sample,gsamplehp@example.com,Male,Assistant Professor,$3451.62
639,Chicky,Mulcahy,cmulcahyhq@yellowbook.com,Female,Physical Therapy Assistant,$8185.17
640,Nikoletta,Goodfellow,ngoodfellowhr@npr.org,Female,Research Nurse,$6867.72
641,Germaine,Bragger,gbraggerhs@whitehouse.gov,Bigender,Mechanical Systems Engineer,$9077.57
642,Culley,Rengger,crenggerht@360.cn,Male,Software Engineer III,$5827.16
643,Christy,Cornhill,ccornhillhu@stumbleupon.com,Male,Software Engineer I,$8320.55
644,Angelle,Dealey,adealeyhv@360.cn,Genderqueer,Research Associate,$6682.60
645,Heida,Drewett,hdrewetthw@state.tx.us,Female,Financial Analyst,$6406.61
646,Anabelle,Kobiela,akobielahx@weibo.com,Female,Dental Hygienist,$5512.53
647,Catriona,Duxbarry,cduxbarryhy@usatoday.com,Polygender,Analog Circuit Design manager,$6528.93
648,Shayne,Wimmer,swimmerhz@topsy.com,Male,Project Manager,$4394.23
649,Melania,Rushby,mrushbyi0@xing.com,Female,Teacher,$5312.95
650,Kimbell,Woolhouse,kwoolhousei1@elpais.com,Male,Senior Editor,$7005.68
651,Josiah,Turk,jturki2@dedecms.com,Male,Account Representative III,$7970.44
652,Salim,Spragg,sspraggi3@yellowbook.com,Male,Associate Professor,$3121.22
653,Lawry,Aked,lakedi4@live.com,Male,Information Systems Manager,$6594.58
654,Elena,Jankovsky,ejankovskyi5@elegantthemes.com,Female,Research Associate,$7749.72
655,Kizzie,Pool,kpooli6@is.gd,Female,Structural Engineer,$7032.34
656,Joane,Bradley,jbradleyi7@elegantthemes.com,Female,Technical Writer,$3300.63
657,Dorothea,Bougen,dbougeni8@senate.gov,Female,Web Designer III,$6899.41
658,Nada,Commings,ncommingsi9@phoca.cz,Female,Recruiting Manager,$5672.65
659,Nevil,Trevaskis,ntrevaskisia@weebly.com,Male,Programmer IV,$4789.56
660,Brandi,Drakes,bdrakesib@uol.com.br,Female,Biostatistician IV,$9000.51
661,Dorita,Cordie,dcordieic@fotki.com,Female,Physical Therapy Assistant,$3295.67
662,Carolin,Boak,cboakid@geocities.jp,Female,Community Outreach Specialist,$2486.83
663,Henka,Catonnet,hcatonnetie@macromedia.com,Female,Editor,$2735.74
664,Ari,Baltrushaitis,abaltrushaitisif@patch.com,Male,Executive Secretary,$5944.85
665,Rad,Housego,rhousegoig@chicagotribune.com,Male,Information Systems Manager,$2777.16
666,Ryley,Espinha,respinhaih@washington.edu,Male,Analyst Programmer,$7021.19
667,Asia,Glasner,aglasnerii@auda.org.au,Female,Help Desk Operator,$8203.84
668,Claudine,Notti,cnottiij@sun.com,Female,Community Outreach Specialist,$6563.53
669,Randee,Streeter,rstreeterik@japanpost.jp,Female,Registered Nurse,$9048.95
670,Graig,Deeming,gdeemingil@utexas.edu,Male,Research Associate,$3343.58
671,Friedrich,Heffernan,fheffernanim@xrea.com,Male,Recruiting Manager,$2567.55
672,Allyce,Sime,asimein@redcross.org,Female,Research Associate,$2944.65
673,Ulberto,Betancourt,ubetancourtio@51.la,Polygender,Editor,$4549.32
674,Bettina,Seldner,bseldnerip@flavors.me,Female,Tax Accountant,$3845.72
675,Ede,Allmann,eallmanniq@soup.io,Female,Automation Specialist II,$2361.91
676,Gail,Grimley,ggrimleyir@naver.com,Female,Analyst Programmer,$7115.59
677,Loraine,Akred,lakredis@miitbeian.gov.cn,Female,Staff Accountant III,$2916.27
678,Oliviero,Wellings,owellingsit@hubpages.com,Male,Senior Quality Engineer,$6182.08
679,Ray,Bolin,rboliniu@fema.gov,Female,Health Coach II,$7717.00
680,Melanie,Meric,mmericiv@dmoz.org,Female,Safety Technician I,$7970.53
681,Mirilla,Alenshev,malensheviw@privacy.gov.au,Female,Quality Control Specialist,$4665.50
682,Gratiana,Cowterd,gcowterdix@buzzfeed.com,Female,Chemical Engineer,$2584.94
683,Charlie,Haizelden,chaizeldeniy@amazon.co.jp,Agender,Data Coordinator,$4185.25
684,Florrie,Peploe,fpeploeiz@nature.com,Female,Registered Nurse,$6477.84
685,Hersh,Shilton,hshiltonj0@wordpress.com,Male,VP Sales,$3960.72
686,Everard,Smy,esmyj1@altervista.org,Male,Database Administrator III,$5391.16
687,Collie,Grimsdike,cgrimsdikej2@scribd.com,Female,Financial Advisor,$7896.61
688,Minna,Runge,mrungej3@usa.gov,Female,Physical Therapy Assistant,$7517.12
689,Ellsworth,De Few,edefewj4@cnbc.com,Male,Health Coach II,$6509.19
690,Ilyse,Senter,isenterj5@wsj.com,Female,Senior Quality Engineer,$8065.84
691,Martino,Fentem,mfentemj6@google.pl,Male,Professor,$4354.81
692,Tailor,Verna,tvernaj7@1und1.de,Male,Analog Circuit Design manager,$5276.72
693,Dru,Rubke,drubkej8@cbc.ca,Male,Budget/Accounting Analyst III,$3231.57
694,Weidar,Shoemark,wshoemarkj9@tinypic.com,Male,Actuary,$7871.13
695,Terrye,Belvin,tbelvinja@deliciousdays.com,Genderqueer,Chief Design Engineer,$9925.34
696,Timofei,Casbolt,tcasboltjb@linkedin.com,Male,GIS Technical Architect,$9292.57
697,Emelen,Hanington,ehaningtonjc@vinaora.com,Male,Geological Engineer,$9686.38
698,Dayle,Pfeffel,dpfeffeljd@usatoday.com,Female,Database Administrator I,$8464.54
699,Richmound,Ferraresi,rferraresije@example.com,Male,Engineer I,$9193.46
700,Zach,Gietz,zgietzjf@issuu.com,Male,Teacher,$6241.07
701,Lindsay,Gauler,lgaulerjg@rediff.com,Female,VP Accounting,$8499.14
702,Neron,Garnsworth,ngarnsworthjh@wordpress.org,Genderfluid,Cost Accountant,$5253.12
703,Melonie,Tregent,mtregentji@unesco.org,Female,Safety Technician IV,$5880.00
704,Tanhya,Orleton,torletonjj@qq.com,Female,Associate Professor,$8787.39
705,Cicily,Arlett,carlettjk@virginia.edu,Female,Software Test Engineer I,$4600.11
706,Rickie,Prozescky,rprozesckyjl@nyu.edu,Male,Data Coordinator,$3126.84
707,Blisse,Pabelik,bpabelikjm@state.gov,Female,Food Chemist,$9920.20
708,Lindy,Wolfer,lwolferjn@admin.ch,Male,Chief Design Engineer,$2317.62
709,Marga,Matthensen,mmatthensenjo@sciencedaily.com,Female,Staff Accountant I,$5294.48
710,Curran,Gowar,cgowarjp@ucoz.ru,Male,Senior Editor,$4121.56
711,Erda,Pannaman,epannamanjq@aboutads.info,Female,Structural Analysis Engineer,$4550.95
712,Forster,Budibent,fbudibentjr@dmoz.org,Male,Administrative Officer,$3060.98
713,Clara,Shevlan,cshevlanjs@seesaa.net,Genderqueer,Senior Sales Associate,$4362.54
714,Nestor,Pinnington,npinningtonjt@nationalgeographic.com,Male,Senior Editor,$6395.04
715,Tish,Savil,tsavilju@joomla.org,Agender,Pharmacist,$3859.55
716,Milly,McClary,mmcclaryjv@merriam-webster.com,Female,Executive Secretary,$8478.87
717,Julie,Sarten,jsartenjw@buzzfeed.com,Female,Assistant Professor,$9384.57
718,Marven,McCurrie,mmccurriejx@slate.com,Male,Chemical Engineer,$3881.29
719,Ardra,Gley,agleyjy@exblog.jp,Female,Quality Control Specialist,$6513.38
720,Dougie,McColgan,dmccolganjz@skype.com,Male,Accountant I,$8331.99
721,Michaela,Beccles,mbecclesk0@sitemeter.com,Female,Payment Adjustment Coordinator,$7351.61
722,Brendin,Bundock,bbundockk1@prnewswire.com,Male,Civil Engineer,$4692.87
723,Rosco,Coggin,rcoggink2@drupal.org,Male,Environmental Specialist,$6358.53
724,Priscilla,Biggin,pbiggink3@wired.com,Bigender,Software Engineer IV,$5386.90
725,Emelita,Warder,ewarderk4@elpais.com,Female,Senior Cost Accountant,$7323.77
726,Joann,Doni,jdonik5@bloglines.com,Female,Help Desk Operator,$5716.65
727,Keefer,Sutter,ksutterk6@bloglovin.com,Male,Staff Scientist,$2750.31
728,Wadsworth,Atwell,watwellk7@mapy.cz,Genderqueer,Chemical Engineer,$4347.46
729,Ruprecht,Scholtz,rscholtzk8@tripadvisor.com,Male,Social Worker,$9731.25
730,Marilin,Caselli,mcasellik9@google.com.br,Female,Design Engineer,$8441.89
731,Natalina,Andrioli,nandriolika@vistaprint.com,Bigender,Director of Sales,$2856.48
732,Ambrosio,Aird,aairdkb@guardian.co.uk,Male,Help Desk Operator,$7470.20
733,Valry,McRory,vmcrorykc@1688.com,Female,Nurse Practicioner,$5922.76
734,Rivalee,Cosson,rcossonkd@dailymotion.com,Genderqueer,Research Nurse,$3553.00
735,Zondra,Marlon,zmarlonke@1688.com,Female,Quality Control Specialist,$8137.69
736,Nissie,Been,nbeenkf@furl.net,Female,VP Sales,$2030.10
737,Hortense,Joly,hjolykg@cocolog-nifty.com,Female,Desktop Support Technician,$4333.61
738,Kory,Dairton,kdairtonkh@cbc.ca,Male,Media Manager IV,$4378.62
739,Florence,Trusler,ftruslerki@washington.edu,Female,Senior Sales Associate,$2144.43
740,Jeromy,Wasylkiewicz,jwasylkiewiczkj@state.tx.us,Genderfluid,Civil Engineer,$9133.85
741,Lexy,Gerriets,lgerrietskk@chronoengine.com,Female,Programmer I,$7589.95
742,Ignaz,Auchterlony,iauchterlonykl@slashdot.org,Non-binary,Marketing Assistant,$8102.04
743,Benn,Whapham,bwhaphamkm@twitter.com,Male,Cost Accountant,$9596.62
744,Ruby,Mathely,rmathelykn@msu.edu,Genderqueer,Librarian,$7935.43
745,Kylie,Taffurelli,ktaffurelliko@answers.com,Male,Staff Accountant I,$4048.46
746,Abbot,Ortiga,aortigakp@youku.com,Male,Mechanical Systems Engineer,$9985.53
747,Skipp,Ezzell,sezzellkq@zdnet.com,Male,Accountant I,$8240.27
748,Andros,Wooland,awoolandkr@yelp.com,Male,Pharmacist,$7676.83
749,Elmo,Andreasen,eandreasenks@soundcloud.com,Male,Information Systems Manager,$8880.46
750,Rufus,Willan,rwillankt@chicagotribune.com,Male,Geological Engineer,$5470.60
751,Rance,Booth,rboothku@hubpages.com,Male,Programmer IV,$6444.39
752,Adoree,Geri,agerikv@bbb.org,Female,Statistician II,$7403.52
753,Marlowe,Dolder,mdolderkw@dot.gov,Male,Business Systems Development Analyst,$6017.46
754,Rabi,Henzley,rhenzleykx@unc.edu,Male,Accounting Assistant III,$8036.65
755,Cosmo,Langworthy,clangworthyky@hud.gov,Male,Business Systems Development Analyst,$4646.72
756,Davin,Cayet,dcayetkz@shop-pro.jp,Male,Dental Hygienist,$7211.49
757,Reese,Andrea,randreal0@bigcartel.com,Male,Environmental Tech,$4725.63
758,Dulcea,Bolwell,dbolwelll1@unblog.fr,Female,Health Coach I,$8030.44
759,Melva,Weiss,mweissl2@tinyurl.com,Non-binary,Accounting Assistant IV,$3167.87
760,Marven,Stroton,mstrotonl3@flickr.com,Agender,Graphic Designer,$9040.44
761,Phylis,Lorkins,plorkinsl4@businessinsider.com,Female,Account Representative II,$9700.73
762,Olav,Smeed,osmeedl5@nsw.gov.au,Male,Media Manager I,$6761.26
763,Reese,Ketchaside,rketchasidel6@google.co.uk,Male,Dental Hygienist,$6590.87
764,Essy,Wynter,ewynterl7@vkontakte.ru,Female,Clinical Specialist,$3773.88
765,Fedora,Denial,fdeniall8@globo.com,Female,VP Product Management,$9450.90
766,Lou,Tubbs,ltubbsl9@deliciousdays.com,Male,Help Desk Operator,$3709.26
767,Chicky,Edmunds,cedmundsla@twitpic.com,Female,Paralegal,$6082.80
768,Josephina,Plaskitt,jplaskittlb@nifty.com,Female,Recruiter,$6938.54
769,Lyon,Casiroli,lcasirolilc@independent.co.uk,Male,Analyst Programmer,$4667.10
770,Lucho,Iacomini,liacominild@businesswire.com,Male,Nuclear Power Engineer,$5826.11
771,Nicolina,Letford,nletfordle@netvibes.com,Female,Director of Sales,$8759.16
772,Muriel,Aizlewood,maizlewoodlf@bbb.org,Female,Desktop Support Technician,$5247.82
773,Rosalie,Tonge,rtongelg@nba.com,Female,Clinical Specialist,$8241.42
774,Riccardo,McCully,rmccullylh@wisc.edu,Male,Compensation Analyst,$2117.10
775,Kala,Waterhouse,kwaterhouseli@dyndns.org,Female,VP Product Management,$5583.62
776,Garwood,Farran,gfarranlj@google.nl,Male,Teacher,$9568.24
777,Quillan,Gladdin,qgladdinlk@house.gov,Genderfluid,Marketing Assistant,$4304.54
778,Inez,Arnould,iarnouldll@artisteer.com,Non-binary,Budget/Accounting Analyst II,$5684.75
779,Madelene,Kemmons,mkemmonslm@geocities.com,Female,Account Coordinator,$2103.51
780,Siusan,Park,sparkln@arstechnica.com,Female,Structural Engineer,$5570.71
781,Farly,Kment,fkmentlo@yahoo.com,Male,Developer II,$8812.55
782,Portie,Lagen,plagenlp@list-manage.com,Male,Clinical Specialist,$3964.40
783,Raynard,Helian,rhelianlq@cornell.edu,Male,Cost Accountant,$3044.48
784,Earlie,Goaley,egoaleylr@spotify.com,Male,Internal Auditor,$6284.97
785,Odilia,Giddens,ogiddensls@de.vu,Agender,Biostatistician IV,$6058.22
786,Aryn,Arrault,aarraultlt@issuu.com,Female,Human Resources Manager,$3077.16
787,Neely,Tertre,ntertrelu@people.com.cn,Female,Editor,$5324.54
788,Lusa,Dawtry,ldawtrylv@ovh.net,Female,Research Assistant IV,$7955.76
789,De witt,Heaysman,dheaysmanlw@wikispaces.com,Male,Software Consultant,$3857.98
790,Jere,McGarvey,jmcgarveylx@twitpic.com,Female,Database Administrator III,$6317.37
791,Clark,Thormann,cthormannly@soup.io,Male,Legal Assistant,$8450.02
792,Terrie,Hellwing,thellwinglz@omniture.com,Female,Account Representative IV,$7212.96
793,Chaddy,Tolerton,ctolertonm0@yandex.ru,Male,Internal Auditor,$5442.84
794,Hayyim,Annable,hannablem1@cam.ac.uk,Male,Desktop Support Technician,$4722.26
795,Locke,Ratter,lratterm2@businessweek.com,Male,Social Worker,$6127.85
796,Sabine,Grimmer,sgrimmerm3@imdb.com,Genderqueer,Marketing Manager,$4583.10
797,Baily,Benoiton,bbenoitonm4@smugmug.com,Male,Marketing Assistant,$8030.22
798,Leroi,Roney,lroneym5@blogger.com,Male,Graphic Designer,$8419.56
799,Rea,Southcoat,rsouthcoatm6@china.com.cn,Female,Teacher,$7179.15
800,Rock,Coulman,rcoulmanm7@hexun.com,Male,Nurse,$6948.08
801,Alwyn,Castagne,acastagnem8@telegraph.co.uk,Male,Database Administrator IV,$9458.88
802,Thom,Hulkes,thulkesm9@accuweather.com,Non-binary,Geological Engineer,$7462.48
803,Westbrook,Romanin,wromaninma@slideshare.net,Male,Staff Accountant III,$2371.25
804,Cedric,Lamanby,clamanbymb@trellian.com,Male,Analyst Programmer,$9867.12
805,Malissia,Chalcot,mchalcotmc@wikia.com,Female,Software Test Engineer III,$8134.45
806,Kendre,Agron,kagronmd@cpanel.net,Female,Financial Analyst,$4547.34
807,Vinny,Giovanizio,vgiovaniziome@sciencedirect.com,Female,Accounting Assistant I,$2614.33
808,Michell,Jorck,mjorckmf@desdev.cn,Female,Physical Therapy Assistant,$5285.79
809,Clarabelle,Tolworthie,ctolworthiemg@posterous.com,Female,Safety Technician IV,$7022.81
810,Gwendolin,Queen,gqueenmh@state.tx.us,Female,Registered Nurse,$2429.37
811,Shir,Worlock,sworlockmi@time.com,Female,Research Nurse,$8994.64
812,Betty,Plomer,bplomermj@whitehouse.gov,Female,Quality Control Specialist,$5239.86
813,Katine,Brafferton,kbraffertonmk@mac.com,Female,Geological Engineer,$6174.49
814,Kareem,Boughey,kbougheyml@ebay.co.uk,Male,Safety Technician II,$8341.75
815,Reinhard,Rachuig,rrachuigmm@oaic.gov.au,Male,Clinical Specialist,$3212.64
816,Marthena,Whorton,mwhortonmn@reverbnation.com,Female,Editor,$8666.65
817,Sabra,Harbertson,sharbertsonmo@shinystat.com,Genderfluid,Cost Accountant,$8061.77
818,Aveline,Sweet,asweetmp@bluehost.com,Female,Senior Financial Analyst,$2472.20
819,Joy,Sanders,jsandersmq@house.gov,Genderfluid,VP Quality Control,$5717.66
820,Malanie,Pawelski,mpawelskimr@elpais.com,Female,Cost Accountant,$3179.64
821,Aymer,Higgen,ahiggenms@trellian.com,Male,Budget/Accounting Analyst II,$4577.27
822,Alexander,Fitzhenry,afitzhenrymt@guardian.co.uk,Male,Web Developer IV,$6598.67
823,Meir,Rabbatts,mrabbattsmu@purevolume.com,Male,Engineer II,$8315.84
824,Gearalt,Raiment,graimentmv@uol.com.br,Genderqueer,Media Manager IV,$6903.68
825,Obed,Ellick,oellickmw@abc.net.au,Male,Account Executive,$6392.58
826,Phelia,Reisk,preiskmx@behance.net,Bigender,Software Engineer I,$8631.31
827,Major,Hardeman,mhardemanmy@google.cn,Male,Assistant Professor,$9889.32
828,Cornelle,Hattersley,chattersleymz@omniture.com,Female,Director of Sales,$9479.41
829,Gilli,Cosens,gcosensn0@jiathis.com,Female,Account Coordinator,$9793.94
830,Ignaz,Haddleton,ihaddletonn1@census.gov,Male,Design Engineer,$5204.49
831,Con,Waddy,cwaddyn2@cbsnews.com,Female,Junior Executive,$2772.60
832,Georgy,Gaspar,ggasparn3@state.gov,Male,Human Resources Assistant II,$8222.66
833,Kelli,Pegram,kpegramn4@arizona.edu,Female,Operator,$8906.04
834,Velma,Keller,vkellern5@sciencedirect.com,Female,Human Resources Manager,$8965.65
835,Paulie,Ottiwill,pottiwilln6@tripadvisor.com,Female,VP Quality Control,$5827.85
836,Joline,Cadd,jcaddn7@gizmodo.com,Female,Account Representative I,$4697.76
837,Verney,Montford,vmontfordn8@newsvine.com,Male,Systems Administrator II,$6646.88
838,Angelia,Stoffler,astofflern9@a8.net,Female,Nuclear Power Engineer,$8687.23
839,Saree,Fleischmann,sfleischmannna@globo.com,Female,Accounting Assistant II,$2628.93
840,Darice,Bellocht,dbellochtnb@pagesperso-orange.fr,Female,Marketing Assistant,$8620.47
841,Charlotta,Ebbotts,cebbottsnc@blogspot.com,Bigender,Compensation Analyst,$6160.12
842,Carling,Wyllie,cwylliend@spotify.com,Male,Editor,$2246.11
843,Viviana,Jedraszek,vjedraszekne@cbsnews.com,Female,VP Product Management,$6245.08
844,Jules,McLaren,jmclarennf@opera.com,Genderfluid,VP Marketing,$8811.00
845,Thorsten,Sutherland,tsutherlandng@bbb.org,Male,Compensation Analyst,$6965.93
846,Lila,Dumper,ldumpernh@domainmarket.com,Female,Actuary,$8541.93
847,Chan,Leefe,cleefeni@google.de,Male,Assistant Manager,$9080.59
848,Granville,Setterfield,gsetterfieldnj@geocities.jp,Male,Account Coordinator,$9383.94
849,Pieter,Gibling,pgiblingnk@canalblog.com,Male,Chief Design Engineer,$4970.89
850,Domenico,Heddon,dheddonnl@wikimedia.org,Male,Web Developer III,$4804.41
851,Eolanda,Gronowe,egronowenm@squarespace.com,Non-binary,Food Chemist,$9383.08
852,Quentin,Covet,qcovetnn@altervista.org,Female,Software Test Engineer I,$2079.01
853,Carree,Vardon,cvardonno@livejournal.com,Female,Project Manager,$9261.04
854,Jesse,Gladdolph,jgladdolphnp@tumblr.com,Male,Account Executive,$2112.12
855,Olag,Aluard,oaluardnq@over-blog.com,Male,Graphic Designer,$5612.65
856,Dahlia,Pyrton,dpyrtonnr@webeden.co.uk,Female,Environmental Tech,$6662.29
857,Brittne,Balf,bbalfns@usnews.com,Female,Clinical Specialist,$8595.16
858,Anett,Benjafield,abenjafieldnt@mozilla.org,Female,Design Engineer,$5507.34
859,Maxie,Baldree,mbaldreenu@angelfire.com,Female,Social Worker,$6953.00
860,Erastus,Folkerts,efolkertsnv@shop-pro.jp,Male,Media Manager II,$2160.26
861,Yoshi,Muggach,ymuggachnw@histats.com,Genderfluid,Developer IV,$7433.34
862,Leah,Phair,lphairnx@disqus.com,Female,Clinical Specialist,$9956.22
863,Astrid,Wrangle,awrangleny@i2i.jp,Female,Administrative Officer,$2286.69
864,Stefano,Riedel,sriedelnz@sbwire.com,Male,Engineer IV,$8096.01
865,Justine,Turgoose,jturgooseo0@theguardian.com,Female,Community Outreach Specialist,$7240.22
866,Ailey,Querrard,aquerrardo1@google.com,Female,Pharmacist,$8185.92
867,Geneva,Kiddy,gkiddyo2@hatena.ne.jp,Female,Software Test Engineer II,$7562.93
868,Chrotoem,Taill,ctaillo3@booking.com,Male,Geological Engineer,$3843.06
869,Shepard,Halford,shalfordo4@unblog.fr,Male,General Manager,$4902.47
870,Manfred,Bianco,mbiancoo5@jiathis.com,Male,Paralegal,$4143.88
871,Vina,Pimlock,vpimlocko6@admin.ch,Female,Junior Executive,$7561.09
872,Mirabelle,Mosey,mmoseyo7@vkontakte.ru,Female,Associate Professor,$3077.49
873,Rochette,Garret,rgarreto8@icq.com,Female,Administrative Assistant IV,$3798.67
874,Tuckie,Bulloch,tbullocho9@cloudflare.com,Male,Internal Auditor,$5849.77
875,Glenn,Breede,gbreedeoa@vistaprint.com,Female,VP Accounting,$9082.54
876,Byran,Hayesman,bhayesmanob@buzzfeed.com,Male,Civil Engineer,$7928.19
877,Granville,Gobeau,ggobeauoc@list-manage.com,Male,Automation Specialist II,$2663.08
878,Wes,Bouttell,wbouttellod@youtu.be,Male,Nurse Practicioner,$2240.04
879,Cassandry,Ranking,crankingoe@census.gov,Female,Engineer III,$8626.35
880,Kean,Bollam,kbollamof@skyrock.com,Male,General Manager,$4271.94
881,Melisent,McCarver,mmccarverog@rediff.com,Female,Financial Analyst,$3220.77
882,Gallard,Streatley,gstreatleyoh@free.fr,Male,Web Designer II,$8682.04
883,Perl,De Blase,pdeblaseoi@blogger.com,Bigender,Media Manager III,$4758.89
884,Georgeta,Riccardelli,griccardellioj@naver.com,Female,Executive Secretary,$8090.81
885,Elspeth,Skilling,eskillingok@webmd.com,Female,Project Manager,$5794.64
886,Averill,Caw,acawol@alibaba.com,Male,Financial Advisor,$4891.89
887,Geri,McDonald,gmcdonaldom@time.com,Female,Human Resources Manager,$3070.12
888,Javier,Shuttle,jshuttleon@list-manage.com,Male,Data Coordinator,$4592.51
889,Myrta,Escofier,mescofieroo@xinhuanet.com,Female,Nurse,$2884.64
890,Morna,Bussy,mbussyop@rakuten.co.jp,Female,Technical Writer,$9648.18
891,Wainwright,Arrighi,warrighioq@marriott.com,Male,Graphic Designer,$5730.29
892,Ricki,Yegorshin,ryegorshinor@last.fm,Male,Environmental Specialist,$7604.47
893,Devy,Winward,dwinwardos@edublogs.org,Male,Professor,$5067.30
894,Wyn,Ryce,wryceot@arstechnica.com,Male,Structural Analysis Engineer,$6302.47
895,Warde,Piscopiello,wpiscopielloou@japanpost.jp,Male,Chemical Engineer,$3756.98
896,Russell,Ghelerdini,rghelerdiniov@free.fr,Male,Help Desk Technician,$2845.87
897,Robinette,Ortzen,rortzenow@lycos.com,Female,Accountant II,$5554.38
898,Emmye,Mackro,emackroox@tinypic.com,Female,VP Accounting,$8896.76
899,Tracie,Mallinar,tmallinaroy@istockphoto.com,Male,Structural Engineer,$9316.55
900,Marlin,Skokoe,mskokoeoz@ca.gov,Male,Editor,$6618.60
901,Ruttger,A'field,rafieldp0@forbes.com,Male,Staff Scientist,$4892.62
902,Bogart,Blakes,bblakesp1@pcworld.com,Male,Senior Sales Associate,$8864.96
903,Bari,Cowterd,bcowterdp2@cyberchimps.com,Genderfluid,Statistician IV,$9744.62
904,Augustina,Prowse,aprowsep3@auda.org.au,Female,Senior Quality Engineer,$6566.21
905,Meggy,Holworth,mholworthp4@blog.com,Female,Analyst Programmer,$3003.25
906,Rey,Deamer,rdeamerp5@usnews.com,Female,General Manager,$2161.48
907,Abraham,Platts,aplattsp6@google.cn,Male,Senior Quality Engineer,$8979.39
908,Gayel,O'Caherny,gocahernyp7@alibaba.com,Female,Account Representative I,$6170.84
909,Rafaelita,Hambright,rhambrightp8@addthis.com,Female,VP Quality Control,$8659.23
910,Eb,Sollam,esollamp9@narod.ru,Male,Staff Accountant I,$2480.79
911,Ham,Cleworth,hcleworthpa@zdnet.com,Male,Project Manager,$6546.84
912,Rochell,Ireland,rirelandpb@marketwatch.com,Female,Recruiting Manager,$8313.49
913,Evered,Siviter,esiviterpc@parallels.com,Male,Payment Adjustment Coordinator,$3922.77
914,Harriott,Keuning,hkeuningpd@hatena.ne.jp,Female,Statistician III,$9462.73
915,Elianora,enzley,eenzleype@huffingtonpost.com,Female,Accounting Assistant I,$4289.73
916,Tedie,Jantot,tjantotpf@wiley.com,Male,VP Sales,$9233.02
917,Lennard,Eburne,leburnepg@comsenz.com,Male,VP Accounting,$4748.25
918,Marena,Soanes,msoanesph@macromedia.com,Agender,Speech Pathologist,$6728.53
919,Tedi,Orgill,torgillpi@accuweather.com,Female,Biostatistician II,$5941.09
920,Sheffy,Deniso,sdenisopj@is.gd,Male,Quality Control Specialist,$6770.83
921,Blondelle,Thrift,bthriftpk@surveymonkey.com,Female,Programmer I,$2327.57
922,Noami,McKall,nmckallpl@biblegateway.com,Female,VP Accounting,$2718.82
923,Eugenio,Jina,ejinapm@opensource.org,Male,Design Engineer,$4275.72
924,Dodi,Ourry,dourrypn@webeden.co.uk,Female,Desktop Support Technician,$7900.29
925,Billy,Antonomolii,bantonomoliipo@soundcloud.com,Agender,Nuclear Power Engineer,$4109.90
926,Cherrita,Lumpkin,clumpkinpp@msn.com,Female,Accounting Assistant III,$8595.54
927,Corry,Prettyjohns,cprettyjohnspq@usatoday.com,Female,Financial Analyst,$5954.28
928,Berget,Giacomi,bgiacomipr@answers.com,Female,Teacher,$2386.16
929,Kesley,Warnock,kwarnockps@multiply.com,Female,Systems Administrator IV,$9857.20
930,Clare,Works,cworkspt@shop-pro.jp,Male,Engineer III,$3174.11
931,Richy,Dodworth,rdodworthpu@joomla.org,Male,Occupational Therapist,$5415.22
932,Abel,Swinerd,aswinerdpv@feedburner.com,Bigender,Clinical Specialist,$8094.16
933,Flossy,Plowright,fplowrightpw@google.com.au,Female,Software Consultant,$4950.62
934,Tonya,Hender,thenderpx@google.co.uk,Female,Administrative Assistant II,$3845.38
935,Josiah,Neem,jneempy@wunderground.com,Male,Physical Therapy Assistant,$7464.62
936,Portie,Gristock,pgristockpz@nyu.edu,Male,Structural Analysis Engineer,$9114.41
937,Shae,Webben,swebbenq0@who.int,Male,Geological Engineer,$7892.13
938,Alfreda,Pioch,apiochq1@netlog.com,Female,Administrative Officer,$2341.40
939,Dacia,Goodayle,dgoodayleq2@de.vu,Female,Financial Advisor,$8056.34
940,Agace,Swaisland,aswaislandq3@soup.io,Female,Physical Therapy Assistant,$7418.28
941,Jacques,Vedekhin,jvedekhinq4@exblog.jp,Male,Human Resources Assistant II,$5238.48
942,Rani,Garvin,rgarvinq5@unc.edu,Female,Research Assistant IV,$4545.71
943,Dreddy,Korlat,dkorlatq6@loc.gov,Female,Developer II,$3614.32
944,Alis,Nowakowski,anowakowskiq7@de.vu,Female,Senior Sales Associate,$2824.14
945,Ellary,Mourton,emourtonq8@bbb.org,Male,General Manager,$5423.04
946,Grazia,Kille,gkilleq9@ox.ac.uk,Female,Chemical Engineer,$9840.31
947,Durante,Puckinghorne,dpuckinghorneqa@cpanel.net,Male,Chemical Engineer,$7327.92
948,Catie,Urion,curionqb@adobe.com,Bigender,Payment Adjustment Coordinator,$5322.57
949,Westbrooke,McLoughlin,wmcloughlinqc@taobao.com,Male,Human Resources Assistant III,$2182.03
950,Dennie,McDonagh,dmcdonaghqd@mit.edu,Male,Associate Professor,$2167.81
951,Neila,Batram,nbatramqe@cnet.com,Female,Civil Engineer,$2075.29
952,Rayner,Twidell,rtwidellqf@over-blog.com,Bigender,Senior Quality Engineer,$7541.14
953,Welbie,Stubbings,wstubbingsqg@cyberchimps.com,Male,Senior Cost Accountant,$9625.97
954,Dennie,Petto,dpettoqh@github.com,Female,Junior Executive,$7543.01
955,Phedra,Hegge,pheggeqi@cdbaby.com,Female,Environmental Tech,$8095.27
956,Ardelis,Avrasin,aavrasinqj@ed.gov,Female,Senior Cost Accountant,$2064.48
957,Gavrielle,Haskins,ghaskinsqk@trellian.com,Female,Payment Adjustment Coordinator,$6660.78
958,Hugibert,Melvin,hmelvinql@plala.or.jp,Male,Health Coach IV,$2039.52
959,Reginauld,Bennallck,rbennallckqm@oaic.gov.au,Male,Structural Engineer,$4656.65
960,Sollie,Hamsley,shamsleyqn@gmpg.org,Male,VP Quality Control,$3555.03
961,Dalton,Alliband,dallibandqo@ycombinator.com,Bigender,Administrative Assistant I,$8518.72
962,Robin,Applewhite,rapplewhiteqp@yahoo.co.jp,Female,Software Engineer IV,$7635.07
963,Bartholomeo,Liggens,bliggensqq@ebay.com,Male,Health Coach I,$4174.44
964,Tedmund,Deinhardt,tdeinhardtqr@seesaa.net,Male,Marketing Assistant,$5788.07
965,Jareb,Rochelle,jrochelleqs@bbc.co.uk,Male,Electrical Engineer,$7693.20
966,Florella,Keers,fkeersqt@pagesperso-orange.fr,Female,Junior Executive,$8699.43
967,Genevra,Baudinet,gbaudinetqu@t-online.de,Female,Sales Associate,$3252.51
968,Gertruda,Rospars,grosparsqv@smh.com.au,Female,Safety Technician IV,$7040.61
969,Taylor,Lewendon,tlewendonqw@oaic.gov.au,Genderqueer,VP Accounting,$6119.14
970,Addia,Duprey,adupreyqx@moonfruit.com,Female,Quality Control Specialist,$5499.88
971,Mattias,Thurlborn,mthurlbornqy@tumblr.com,Male,Senior Quality Engineer,$2525.58
972,Nessy,Armor,narmorqz@digg.com,Female,Office Assistant III,$2752.19
973,Sherye,Abriani,sabrianir0@technorati.com,Female,Senior Editor,$8893.56
974,Mick,Barends,mbarendsr1@eventbrite.com,Male,Systems Administrator III,$2527.82
975,Pauly,MacAless,pmacalessr2@tinypic.com,Male,Health Coach III,$5404.09
976,Errol,Cuddehay,ecuddehayr3@hugedomains.com,Male,Analog Circuit Design manager,$5254.92
977,Ailsun,Knightsbridge,aknightsbridger4@ask.com,Female,Analog Circuit Design manager,$6686.83
978,Thorsten,Brodest,tbrodestr5@amazonaws.com,Male,Registered Nurse,$9643.86
979,Codie,Mealham,cmealhamr6@addthis.com,Male,Nurse Practicioner,$3714.82
980,Marney,Maddison,mmaddisonr7@imgur.com,Female,Professor,$5722.51
981,Myca,Roggers,mroggersr8@purevolume.com,Male,Database Administrator II,$5257.98
982,Zsazsa,Chern,zchernr9@freewebs.com,Female,Project Manager,$2745.45
983,Kym,McGraffin,kmcgraffinra@quantcast.com,Female,Information Systems Manager,$8482.51
984,Bernard,Domleo,bdomleorb@1688.com,Male,Assistant Professor,$2105.04
985,Kennan,Barniss,kbarnissrc@unesco.org,Male,Environmental Specialist,$5461.01
986,Meredith,Callery,mcalleryrd@google.com.au,Male,Structural Engineer,$7152.99
987,Oswell,Beeden,obeedenre@unc.edu,Male,Actuary,$9265.02
988,Mellisa,Padell,mpadellrf@joomla.org,Female,Executive Secretary,$2864.54
989,Greg,Willshere,gwillshererg@edublogs.org,Male,Office Assistant III,$2726.83
990,Tallia,Ketcher,tketcherrh@bandcamp.com,Female,Recruiter,$8113.41
991,Sela,Kellett,skellettri@pcworld.com,Female,Nurse Practicioner,$6272.74
992,Aldridge,Jiggle,ajigglerj@networkadvertising.org,Male,Statistician II,$7447.56
993,Gael,Gwatkin,ggwatkinrk@shop-pro.jp,Female,Business Systems Development Analyst,$4161.53
994,Leanor,Upstell,lupstellrl@about.com,Female,Senior Quality Engineer,$6958.39
995,Buddy,Mendenhall,bmendenhallrm@shop-pro.jp,Non-binary,Project Manager,$9640.07
996,Randell,Ramsay,rramsayrn@engadget.com,Male,Administrative Officer,$9897.17
997,Elsey,Alabone,ealabonero@moonfruit.com,Female,Senior Developer,$8247.85
998,Hermann,Marte,hmarterp@nih.gov,Male,Senior Editor,$5517.53
999,Lindie,Lavarack,llavarackrq@fastcompany.com,Female,Web Designer I,$6559.77
1000,Mose,Keasy,mkeasyrr@liveinternet.ru,Male,Project Manager,$5744.48
